# The client's own answer to "which item templates are weapons, and what does each one attack with".
# Tabula Rasa 1.16.5.0, data/game.zip (pyc stamp 2009-02-09), read 2026-09-21.
# One line per item template whose item class carries a weaponclass.lookup row - 5825 of the client's 30225.
# item_class_id: itemclass.itemTemplateItemClass[template]
# attack_action_id, attack_action_arg_id, weapon_anim_condition_code: weaponclass.lookup[class] columns 1, 2, 12
# skill_id: itemclass.itemTemplateSkillRequirement[template][0], empty when the template requires no skill
# A field is empty where the client itself holds no value. Eight classes have no anim condition code; none of
# them requires a skill, so the rule never consults it for them.
# These are the raw client fields, not a conclusion. WeaponRowAuditTests re-derives tool_type and attack_type
# from them; see WeaponRowRepairRows for the rule and its evidence.
item_template_id,item_class_id,attack_action_id,attack_action_arg_id,weapon_anim_condition_code,skill_id
23,629,174,1,13,
33,3419,1,78,8,
55,3782,1,1,8,
62,3845,1,81,1,
64,3877,1,265,2,
65,3878,1,79,8,
66,3898,1,3,8,
71,3944,1,133,1,
75,3952,174,44,8,
79,3991,1,85,8,
80,3996,1,1,8,
98,4082,1,87,8,
104,4095,1,134,2,
111,4263,1,195,8,
116,4314,174,34,8,
117,4327,172,4,14,
118,4365,1,97,8,
124,4401,296,2,,
125,4569,174,9,8,
126,4619,174,26,8,
127,4669,174,13,8,
128,4719,174,24,8,
129,4769,174,14,8,
131,4869,149,6,8,
133,4969,174,17,8,
134,5019,1,3,8,
136,5119,174,18,8,
137,5169,174,18,8,
139,5269,174,12,8,
140,5319,1,130,8,
141,5369,174,10,8,
142,6019,1,154,8,
144,6042,174,11,8,23
145,6048,1,133,1,1
148,6054,1,121,3,1
154,6082,174,1,13,8
155,6083,1,133,1,
156,6098,1,3,8,
157,6164,1,146,8,
159,6238,1,116,8,
162,6271,1,133,1,
163,6272,141,1,4,
164,6302,1,133,1,1
165,6303,1,134,2,1
166,6310,1,121,3,1
167,6313,141,6,3,24
175,6443,1,67,1,1
177,6447,1,135,1,1
179,6449,1,68,2,1
181,6453,1,145,8,
183,6455,1,136,2,1
462,7077,1,109,8,
469,7119,1,149,8,
477,7137,174,25,8,
485,7189,1,152,8,
486,7190,1,152,8,
492,7238,1,232,8,
493,7240,174,17,8,
510,7342,174,27,8,
511,7346,1,152,8,
598,7476,174,28,8,
600,7490,1,123,3,1
601,7491,1,147,3,1
602,7492,1,122,3,1
603,7493,1,66,3,1
630,7614,147,1,17,14
631,7615,147,1,17,14
642,7641,174,1,19,8
643,7642,174,1,18,8
644,7645,296,3,,
645,7646,296,1,,
646,7647,296,4,,
647,7648,296,5,,
648,7652,1,209,8,
667,7677,174,25,8,
668,7678,174,25,8,
685,7698,418,5,6,
763,8084,1,180,8,
771,8105,1,133,1,1
773,8107,1,133,1,1
776,8110,1,133,1,1
781,8115,1,133,1,1
782,8116,1,181,1,1
785,8119,1,181,1,1
791,8125,1,181,1,1
793,8127,1,181,1,1
796,8130,1,181,1,1
801,8135,1,181,1,1
802,8136,1,67,1,1
809,8143,1,67,1,1
811,8145,1,67,1,1
814,8148,1,67,1,1
819,8153,1,67,1,1
820,8154,1,170,1,1
822,8156,1,170,1,1
828,8162,1,170,1,1
830,8164,1,170,1,1
833,8167,1,170,1,1
838,8172,1,170,1,1
839,8173,1,135,1,1
846,8180,1,135,1,1
848,8182,1,135,1,1
851,8185,1,135,1,1
856,8190,1,135,1,1
862,8196,1,134,2,1
864,8198,1,134,2,1
867,8201,1,134,2,1
872,8206,1,134,2,1
873,8207,1,182,2,1
876,8210,1,182,2,1
882,8216,1,182,2,1
884,8218,1,182,2,1
887,8221,1,182,2,1
892,8226,1,182,2,1
893,8227,1,68,2,1
900,8234,1,68,2,1
902,8236,1,68,2,1
905,8239,1,68,2,1
910,8244,1,68,2,1
911,8245,1,168,2,1
919,8253,1,168,2,1
921,8255,1,168,2,1
924,8258,1,168,2,1
929,8263,1,168,2,1
930,8264,1,136,2,1
937,8271,1,136,2,1
939,8273,1,136,2,1
942,8276,1,136,2,1
947,8281,1,136,2,1
953,8287,1,121,3,1
955,8289,1,121,3,1
958,8292,1,121,3,1
963,8297,1,121,3,1
964,8298,1,122,3,1
971,8305,1,122,3,1
973,8307,1,122,3,1
976,8310,1,122,3,1
981,8315,1,122,3,1
982,8316,1,123,3,1
989,8323,1,123,3,1
991,8325,1,123,3,1
994,8328,1,123,3,1
999,8333,1,123,3,1
1000,8334,1,66,3,1
1007,8341,1,66,3,1
1009,8343,1,66,3,1
1012,8346,1,66,3,1
1017,8351,1,66,3,1
1018,8352,1,147,3,1
1025,8359,1,147,3,1
1027,8361,1,147,3,1
1030,8364,1,147,3,1
1035,8369,1,147,3,1
1036,8370,1,185,3,1
1039,8373,1,185,3,1
1045,8379,1,185,3,1
1047,8381,1,185,3,1
1050,8384,1,185,3,1
1055,8389,1,185,3,1
1061,8395,141,6,3,24
1063,8397,141,6,3,24
1066,8400,141,6,3,24
1071,8405,141,6,3,24
1072,8406,141,4,3,24
1078,8412,141,4,3,24
1080,8414,141,4,3,24
1083,8417,141,4,3,24
1088,8422,141,4,3,24
1089,8423,141,5,3,24
1095,8429,141,5,3,24
1097,8431,141,5,3,24
1100,8434,141,5,3,24
1105,8439,141,5,3,24
1106,8440,141,7,3,24
1112,8446,141,7,3,24
1114,8448,141,7,3,24
1117,8451,141,7,3,24
1122,8456,141,7,3,24
1123,8457,141,3,3,24
1129,8463,141,3,3,24
1131,8465,141,3,3,24
1134,8468,141,3,3,24
1139,8473,141,3,3,24
1141,8475,149,1,7,22
1147,8481,149,1,7,22
1149,8483,149,1,7,22
1152,8486,149,1,7,22
1157,8491,149,1,7,22
1159,8493,149,4,7,22
1165,8499,149,4,7,22
1167,8501,149,4,7,22
1170,8504,149,4,7,22
1175,8509,149,4,7,22
1177,8511,149,5,7,22
1183,8517,149,5,7,22
1185,8519,149,5,7,22
1188,8522,149,5,7,22
1193,8527,149,5,7,22
1195,8529,149,3,7,22
1201,8535,149,3,7,22
1203,8537,149,3,7,22
1206,8540,149,3,7,22
1211,8545,149,3,7,22
1213,8550,1,132,15,23
1215,8552,1,132,15,23
1218,8555,1,132,15,23
1223,8560,1,132,15,23
1225,8567,1,128,15,23
1227,8569,1,128,15,23
1230,8572,1,128,15,23
1235,8577,1,128,15,23
1237,8584,1,129,15,23
1239,8586,1,129,15,23
1242,8589,1,129,15,23
1247,8594,1,129,15,23
1249,8601,1,105,15,23
1251,8603,1,105,15,23
1254,8606,1,105,15,23
1259,8611,1,105,15,23
1261,8618,1,177,15,23
1263,8620,1,177,15,23
1266,8623,1,177,15,23
1271,8628,1,177,15,23
1273,8636,1,186,15,23
1275,8638,1,186,15,23
1278,8641,1,186,15,23
1283,8646,1,186,15,23
1285,8648,179,1,4,31
1291,8654,179,1,4,31
1293,8656,179,1,4,31
1296,8659,179,1,4,31
1301,8664,179,1,4,31
1303,8666,179,2,4,31
1309,8672,179,2,4,31
1311,8674,179,2,4,31
1314,8677,179,2,4,31
1319,8682,179,2,4,31
1321,8684,179,3,4,31
1327,8690,179,3,4,31
1329,8692,179,3,4,31
1332,8695,179,3,4,31
1337,8700,179,3,4,31
1339,8702,179,4,4,31
1345,8708,179,4,4,31
1347,8710,179,4,4,31
1350,8713,179,4,4,31
1355,8718,179,4,4,31
1357,8722,140,1,5,40
1359,8724,140,1,5,40
1362,8727,140,1,5,40
1367,8732,140,1,5,40
1369,8736,140,3,5,40
1371,8738,140,3,5,40
1374,8741,140,3,5,40
1379,8746,140,3,5,40
1381,8750,140,2,5,40
1383,8752,140,2,5,40
1386,8755,140,2,5,40
1391,8760,140,2,5,40
1393,8764,140,5,5,40
1395,8766,140,5,5,40
1398,8769,140,5,5,40
1403,8774,140,5,5,40
1405,8778,140,4,5,40
1407,8780,140,4,5,40
1410,8783,140,4,5,40
1415,8788,140,4,5,40
1419,8792,141,1,4,24
1421,8794,141,1,4,24
1424,8797,141,1,4,24
1429,8802,141,1,4,24
1433,8806,141,10,4,24
1435,8808,141,10,4,24
1438,8811,141,10,4,24
1443,8816,141,10,4,24
1447,8820,141,9,4,24
1449,8822,141,9,4,24
1452,8825,141,9,4,24
1457,8830,141,9,4,24
1461,8834,141,8,4,24
1463,8836,141,8,4,24
1466,8839,141,8,4,24
1471,8844,141,8,4,24
1475,8848,141,2,4,24
1477,8850,141,2,4,24
1480,8853,141,2,4,24
1485,8858,141,2,4,24
1487,8862,418,1,6,82
1489,8864,418,1,6,82
1492,8867,418,1,6,82
1497,8872,418,1,6,82
1499,8876,418,3,6,82
1501,8878,418,3,6,82
1504,8881,418,3,6,82
1509,8886,418,3,6,82
1511,8890,418,4,6,82
1513,8892,418,4,6,82
1516,8895,418,4,6,82
1521,8900,418,4,6,82
1523,8904,418,5,6,82
1525,8906,418,5,6,82
1528,8909,418,5,6,82
1533,8914,418,5,6,82
1535,8918,418,2,6,82
1537,8920,418,2,6,82
1540,8923,418,2,6,82
1545,8928,418,2,6,82
1547,8932,230,1,2,50
1549,8934,230,1,2,50
1552,8937,230,1,2,50
1557,8942,230,1,2,50
1559,8946,230,2,2,50
1561,8948,230,2,2,50
1564,8951,230,2,2,50
1569,8956,230,2,2,50
1571,8960,230,3,2,50
1573,8962,230,3,2,50
1576,8965,230,3,2,50
1581,8970,230,3,2,50
1583,8974,230,5,2,50
1585,8976,230,5,2,50
1588,8979,230,5,2,50
1593,8984,230,5,2,50
1595,8988,230,4,2,50
1597,8990,230,4,2,50
1600,8993,230,4,2,50
1605,8998,230,4,2,50
1609,9002,398,2,3,55
1611,9004,398,2,3,55
1614,9007,398,2,3,55
1619,9012,398,2,3,55
1623,9016,398,3,3,55
1625,9018,398,3,3,55
1628,9021,398,3,3,55
1633,9026,398,3,3,55
1637,9030,398,1,3,55
1639,9032,398,1,3,55
1642,9035,398,1,3,55
1647,9040,398,1,3,55
1651,9044,249,2,7,58
1653,9046,249,2,7,58
1656,9049,249,2,7,58
1661,9054,249,2,7,58
1665,9058,249,3,7,58
1667,9060,249,3,7,58
1670,9063,249,3,7,58
1675,9068,249,3,7,58
1679,9072,249,1,7,58
1681,9074,249,1,7,58
1684,9077,249,1,7,58
1689,9082,249,1,7,58
1693,9086,399,4,1,67
1695,9088,399,4,1,67
1698,9091,399,4,1,67
1703,9096,399,4,1,67
1707,9100,399,5,1,67
1709,9102,399,5,1,67
1712,9105,399,5,1,67
1717,9110,399,5,1,67
1721,9114,399,2,1,67
1723,9116,399,2,1,67
1726,9119,399,2,1,67
1731,9124,399,2,1,67
1749,9142,399,1,1,67
1751,9144,399,1,1,67
1754,9147,399,1,1,67
1759,9152,399,1,1,67
1764,9285,1,304,8,
1877,9481,174,1,20,8
1924,9534,174,46,8,
1933,9675,1,151,8,
1938,9738,174,17,8,
1939,9752,1,203,8,
1940,9754,1,227,8,
1948,9805,1,204,8,
2229,12143,1,134,2,1
2236,10161,174,29,8,
2237,10171,1,244,8,
2238,10172,1,207,8,
2246,10241,174,31,8,
2248,10266,1,211,8,
2250,10268,1,213,8,
2251,10269,1,214,8,
2252,10270,1,212,8,
2253,10271,1,215,8,
2254,10272,1,195,8,
2255,10273,1,217,8,
2258,10277,1,3,8,
2260,10279,174,37,8,
2261,10280,1,224,8,
2262,10286,1,225,8,
2263,10288,174,39,8,
2264,10292,174,30,8,
2287,10357,1,229,8,
2334,10529,1,145,8,
2335,10530,1,116,8,
2336,10531,1,154,8,
2337,10532,174,11,8,23
2338,10533,1,146,8,
2341,10536,1,67,1,
2342,10537,1,68,2,
2343,10538,141,9,4,
2353,10602,174,1,21,8
2354,10604,411,1,8,
2357,10613,174,1,22,8
2361,10634,147,1,17,
2362,10635,174,1,13,8
2363,10636,399,1,1,
2369,10726,174,38,8,
2370,10762,1,129,15,
2371,10763,1,273,3,
2378,10855,174,13,8,
2379,10856,1,149,8,
2380,10859,174,12,8,
2500,10990,1,3,8,
2519,11124,147,2,14,
2520,11135,1,241,8,
2559,11341,179,2,4,31
2567,11350,179,3,4,31
2575,11358,179,1,4,31
2583,11366,179,4,4,31
2595,11387,141,3,3,24
2597,11389,141,3,3,24
2602,11394,141,3,3,24
2614,11415,141,4,3,24
2616,11417,141,4,3,24
2621,11422,141,4,3,24
2632,11442,141,5,3,24
2634,11444,141,5,3,24
2639,11449,141,5,3,24
2651,11470,141,6,3,24
2653,11472,141,6,3,24
2658,11477,141,6,3,24
2669,11497,141,7,3,24
2671,11499,141,7,3,24
2676,11504,141,7,3,24
2687,11515,399,2,1,67
2689,11517,399,2,1,67
2692,11520,399,2,1,67
2698,11526,399,2,1,67
2731,11559,399,4,1,67
2733,11561,399,4,1,67
2736,11564,399,4,1,67
2742,11570,399,4,1,67
2753,11581,399,5,1,67
2755,11583,399,5,1,67
2758,11586,399,5,1,67
2764,11592,399,5,1,67
2775,11603,399,1,1,67
2777,11605,399,1,1,67
2780,11608,399,1,1,67
2786,11614,399,1,1,67
2794,11623,149,5,7,22
2806,11635,149,5,7,22
2808,11637,149,5,7,22
2813,11642,149,5,7,22
2821,11651,149,3,7,22
2833,11663,149,3,7,22
2835,11665,149,3,7,22
2840,11670,149,3,7,22
2848,11679,149,4,7,22
2860,11691,149,4,7,22
2862,11693,149,4,7,22
2867,11698,149,4,7,22
2875,11707,149,1,7,22
2887,11719,149,1,7,22
2889,11721,149,1,7,22
2894,11726,149,1,7,22
2905,11737,398,1,3,55
2907,11739,398,1,3,55
2910,11742,398,1,3,55
2916,11748,398,1,3,55
2927,11759,398,2,3,55
2929,11761,398,2,3,55
2932,11764,398,2,3,55
2938,11770,398,2,3,55
2949,11781,398,3,3,55
2951,11783,398,3,3,55
2954,11786,398,3,3,55
2960,11792,398,3,3,55
2968,11800,1,170,1,1
2972,11804,1,170,1,1
2983,11815,1,170,1,1
2985,11817,1,170,1,1
2990,11822,1,170,1,1
2998,11830,1,135,1,1
3002,11834,1,135,1,1
3013,11845,1,135,1,1
3015,11847,1,135,1,1
3020,11852,1,135,1,1
3028,11860,1,67,1,1
3032,11864,1,67,1,1
3043,11875,1,67,1,1
3045,11877,1,67,1,1
3050,11882,1,67,1,1
3057,11889,1,133,1,1
3061,11893,1,133,1,1
3072,11904,1,133,1,1
3074,11906,1,133,1,1
3079,11911,1,133,1,1
3086,11918,1,181,1,1
3090,11922,1,181,1,1
3101,11933,1,181,1,1
3103,11935,1,181,1,1
3108,11940,1,181,1,1
3119,11951,249,1,7,58
3121,11953,249,1,7,58
3124,11956,249,1,7,58
3130,11962,249,1,7,58
3141,11973,249,2,7,58
3143,11975,249,2,7,58
3146,11978,249,2,7,58
3152,11984,249,2,7,58
3163,11995,249,3,7,58
3165,11997,249,3,7,58
3168,12000,249,3,7,58
3174,12006,249,3,7,58
3182,12014,140,5,5,40
3190,12022,140,1,5,40
3198,12030,140,3,5,40
3206,12038,140,2,5,40
3214,12046,140,4,5,40
3222,12054,1,168,2,1
3226,12058,1,168,2,1
3237,12069,1,168,2,1
3239,12071,1,168,2,1
3244,12076,1,168,2,1
3252,12084,1,136,2,1
3256,12088,1,136,2,1
3267,12099,1,136,2,1
3269,12101,1,136,2,1
3274,12106,1,136,2,1
3282,12114,1,68,2,1
3286,12118,1,68,2,1
3297,12129,1,68,2,1
3299,12131,1,68,2,1
3304,12136,1,68,2,1
3311,12143,1,134,2,1
3315,12147,1,134,2,1
3326,12158,1,134,2,1
3328,12160,1,134,2,1
3333,12165,1,134,2,1
3340,12172,1,182,2,1
3344,12176,1,182,2,1
3355,12187,1,182,2,1
3357,12189,1,182,2,1
3362,12194,1,182,2,1
3373,12215,141,8,4,24
3375,12217,141,8,4,24
3378,12220,141,8,4,24
3384,12226,141,8,4,24
3395,12247,141,2,4,24
3397,12249,141,2,4,24
3400,12252,141,2,4,24
3406,12258,141,2,4,24
3417,12279,141,9,4,24
3419,12281,141,9,4,24
3422,12284,141,9,4,24
3428,12290,141,9,4,24
3439,12311,141,1,4,24
3441,12313,141,1,4,24
3444,12316,141,1,4,24
3450,12322,141,1,4,24
3461,12343,141,10,4,24
3463,12345,141,10,4,24
3466,12348,141,10,4,24
3472,12354,141,10,4,24
3480,12362,1,185,3,1
3484,12366,1,185,3,1
3495,12377,1,185,3,1
3497,12379,1,185,3,1
3502,12384,1,185,3,1
3510,12392,1,122,3,1
3514,12396,1,122,3,1
3525,12407,1,122,3,1
3527,12409,1,122,3,1
3532,12414,1,122,3,1
3540,12422,1,123,3,1
3544,12426,1,123,3,1
3555,12437,1,123,3,1
3557,12439,1,123,3,1
3562,12444,1,123,3,1
3569,12451,1,147,3,1
3573,12455,1,147,3,1
3584,12466,1,147,3,1
3586,12468,1,147,3,1
3591,12473,1,147,3,1
3599,12481,1,121,3,1
3603,12485,1,121,3,1
3614,12496,1,121,3,1
3616,12498,1,121,3,1
3621,12503,1,121,3,1
3628,12510,1,66,3,1
3632,12514,1,66,3,1
3643,12525,1,66,3,1
3645,12527,1,66,3,1
3650,12532,1,66,3,1
3658,12540,1,105,15,23
3666,12548,1,177,15,23
3674,12556,1,128,15,23
3682,12564,1,129,15,23
3690,12572,1,132,15,23
3698,12580,1,186,15,23
3706,12588,418,2,6,82
3714,12596,418,3,6,82
3722,12604,418,4,6,82
3730,12612,418,5,6,82
3738,12620,418,1,6,82
3746,12628,230,2,2,50
3754,12636,230,3,2,50
3762,12644,230,4,2,50
3770,12652,230,1,2,50
3778,12660,230,5,2,50
3787,12715,199,1,14,14
3792,12720,199,1,14,14
3797,12725,199,1,14,14
3802,12730,199,1,14,14
3807,12735,199,1,14,14
3812,12740,199,1,14,14
3817,12745,199,1,14,14
3822,12750,199,1,14,14
3827,12755,199,1,14,14
3832,12760,199,1,14,14
3833,12761,258,14,14,14
3838,12766,258,14,14,14
3843,12771,258,14,14,14
3848,12776,258,14,14,14
3853,12781,258,14,14,14
3858,12786,258,14,14,14
3863,12791,258,14,14,14
3868,12796,258,14,14,14
3869,12797,198,1,14,14
3874,12802,198,1,14,14
3879,12807,198,1,14,14
3884,12812,198,1,14,14
3889,12817,198,1,14,14
3894,12822,198,1,14,14
3899,12827,198,1,14,14
3904,12832,198,1,14,14
3909,12837,198,1,14,14
3914,12842,198,1,14,14
3922,12850,147,1,17,14
3926,12854,147,1,17,14
3930,12858,147,1,17,14
3934,12862,147,1,17,14
3939,12867,147,1,17,14
3944,12872,147,1,17,14
3949,12877,147,1,17,14
3954,12882,147,1,17,14
3955,12883,172,168,14,
3960,12888,172,168,14,
3965,12893,172,168,14,
3970,12898,172,168,14,
3975,12903,172,168,14,
3976,12904,172,169,17,
3981,12909,172,169,17,
3986,12914,172,169,17,
3991,12919,172,169,17,
3996,12924,172,169,17,
4001,12929,172,169,17,
4006,12934,172,169,17,
4011,12939,172,169,17,
4016,12949,149,5,7,22
4017,12950,149,3,7,22
4018,12951,149,4,7,22
4019,12952,149,1,7,22
11344,20423,179,2,4,31
11349,20428,179,2,4,31
11356,20435,179,2,4,31
11360,20439,179,2,4,31
11363,20442,179,3,4,31
11368,20447,179,3,4,31
11375,20454,179,3,4,31
11379,20458,179,3,4,31
11382,20461,179,1,4,31
11387,20466,179,1,4,31
11394,20473,179,1,4,31
11398,20477,179,1,4,31
11401,20480,179,4,4,31
11406,20485,179,4,4,31
11413,20492,179,4,4,31
11417,20496,179,4,4,31
11421,20508,1,245,,
11423,20519,179,2,4,31
11424,20520,179,3,4,31
11425,20521,179,1,4,31
11426,20522,179,4,4,31
11427,20523,141,3,3,24
11428,20524,141,4,3,24
11429,20525,141,5,3,24
11430,20526,141,6,3,24
11431,20527,141,7,3,24
11432,20528,399,2,1,67
11433,20529,399,3,1,67
11434,20530,399,4,1,67
11435,20531,399,5,1,67
11436,20532,149,5,7,22
11437,20533,149,3,7,22
11438,20534,149,4,7,22
11439,20535,149,1,7,22
11440,20536,398,1,3,55
11441,20537,398,2,3,55
11442,20538,398,3,3,55
11443,20539,1,170,1,1
11444,20540,1,135,1,1
11445,20541,1,181,1,1
11446,20542,249,1,7,58
11447,20543,249,2,7,58
11448,20544,249,3,7,58
11449,20545,140,5,5,40
11450,20546,140,1,5,40
11451,20547,140,3,5,40
11452,20548,140,2,5,40
11453,20549,140,4,5,40
11454,20550,1,168,2,1
11455,20551,1,136,2,1
11456,20552,1,182,2,1
11457,20553,141,8,4,24
11458,20554,141,2,4,24
11459,20555,141,10,4,24
11460,20556,1,185,3,1
11461,20557,1,122,3,1
11462,20558,1,123,3,1
11463,20559,1,147,3,1
11464,20560,1,121,3,1
11465,20561,1,66,3,1
11466,20562,1,105,15,23
11467,20563,1,177,15,23
11468,20564,1,128,15,23
11469,20565,1,129,15,23
11470,20566,1,132,15,23
11471,20567,1,186,15,23
11472,20568,418,2,6,82
11473,20569,418,3,6,82
11474,20570,418,4,6,82
11475,20571,418,5,6,82
11476,20572,418,1,6,82
11477,20573,230,2,2,50
11478,20574,230,3,2,50
11479,20575,230,4,2,50
11480,20576,230,1,2,50
11481,20577,230,5,2,50
11482,20578,199,1,14,14
11483,20579,198,3,14,14
11484,20580,147,5,17,
11494,20689,1,296,8,
11557,27120,1,133,1,1
11558,27318,1,121,3,1
11559,27230,1,134,2,1
11560,6083,1,133,1,
11912,27632,1,133,1,1
11913,27129,1,133,1,1
11914,28135,1,133,1,1
11917,27137,1,181,1,1
11918,27640,1,181,1,1
11919,28143,1,181,1,1
11922,27621,1,67,1,1
11923,27118,1,67,1,1
11924,28124,1,67,1,1
11927,27098,1,170,1,1
11928,27601,1,170,1,1
11929,28104,1,170,1,1
11932,27611,1,135,1,1
11933,27108,1,135,1,1
11934,28114,1,135,1,1
11937,27228,1,134,2,1
11938,27731,1,134,2,1
11939,28234,1,134,2,1
11942,27740,1,182,2,1
11943,27237,1,182,2,1
11944,28243,1,182,2,1
11947,27217,1,68,2,1
11948,27720,1,68,2,1
11949,28223,1,68,2,1
11952,27700,1,168,2,1
11953,27197,1,168,2,1
11954,28203,1,168,2,1
11957,27207,1,136,2,1
11958,27710,1,136,2,1
11959,28213,1,136,2,1
11962,27830,1,121,3,1
11963,27327,1,121,3,1
11964,28333,1,121,3,1
11967,27298,1,122,3,1
11968,27801,1,122,3,1
11969,28304,1,122,3,1
11972,27808,1,123,3,1
11973,27305,1,123,3,1
11974,28311,1,123,3,1
11977,27336,1,66,3,1
11978,27839,1,66,3,1
11979,28342,1,66,3,1
11982,27818,1,147,3,1
11983,27315,1,147,3,1
11984,28321,1,147,3,1
11987,27291,1,185,3,1
11988,27794,1,185,3,1
11989,28297,1,185,3,1
11992,27457,141,6,3,24
11993,26954,141,6,3,24
11994,27960,141,6,3,24
11997,26939,141,4,3,24
11998,27442,141,4,3,24
11999,27945,141,4,3,24
12002,27449,141,5,3,24
12003,26946,141,5,3,24
12004,27952,141,5,3,24
12007,26962,141,7,3,24
12008,27465,141,7,3,24
12009,27968,141,7,3,24
12012,27435,141,3,3,24
12013,26932,141,3,3,24
12014,27938,141,3,3,24
12017,27067,149,1,7,22
12018,27570,149,1,7,22
12019,28073,149,1,7,22
12022,27559,149,4,7,22
12023,27056,149,4,7,22
12024,28062,149,4,7,22
12027,27034,149,5,7,22
12028,27537,149,5,7,22
12029,28040,149,5,7,22
12032,27548,149,3,7,22
12033,27045,149,3,7,22
12034,28051,149,3,7,22
12035,27362,1,132,15,23
12036,27865,1,132,15,23
12037,28368,1,132,15,23
12038,27855,1,128,15,23
12039,27352,1,128,15,23
12040,28358,1,128,15,23
12041,27357,1,129,15,23
12042,27860,1,129,15,23
12043,28363,1,129,15,23
12044,27845,1,105,15,23
12045,27342,1,105,15,23
12046,28348,1,105,15,23
12047,27347,1,177,15,23
12048,27850,1,177,15,23
12049,28353,1,177,15,23
12050,27870,1,186,15,23
12051,27367,1,186,15,23
12052,28373,1,186,15,23
12053,27017,179,1,4,31
12054,27520,179,1,4,31
12055,28023,179,1,4,31
12056,27502,179,2,4,31
12057,26999,179,2,4,31
12058,28005,179,2,4,31
12059,27006,179,3,4,31
12060,27509,179,3,4,31
12061,28012,179,3,4,31
12062,27529,179,4,4,31
12063,27026,179,4,4,31
12064,28032,179,4,4,31
12065,27171,140,1,5,40
12066,27674,140,1,5,40
12067,28177,140,1,5,40
12068,27680,140,3,5,40
12069,27177,140,3,5,40
12070,28183,140,3,5,40
12071,27183,140,2,5,40
12072,27686,140,2,5,40
12073,28189,140,2,5,40
12074,27668,140,5,5,40
12075,27165,140,5,5,40
12076,28171,140,5,5,40
12077,27189,140,4,5,40
12078,27692,140,4,5,40
12079,28195,140,4,5,40
12080,27775,141,1,4,24
12081,27272,141,1,4,24
12082,28278,141,1,4,24
12083,27281,141,10,4,24
12084,27784,141,10,4,24
12085,28287,141,10,4,24
12086,27766,141,9,4,24
12087,27263,141,9,4,24
12088,28269,141,9,4,24
12089,27245,141,8,4,24
12090,27748,141,8,4,24
12091,28251,141,8,4,24
12092,27757,141,2,4,24
12093,27254,141,2,4,24
12094,28260,141,2,4,24
12095,26923,418,1,6,82
12096,27426,418,1,6,82
12097,27929,418,1,6,82
12098,27408,418,3,6,82
12099,26905,418,3,6,82
12100,27911,418,3,6,82
12101,26911,418,4,6,82
12102,27414,418,4,6,82
12103,27917,418,4,6,82
12104,27420,418,5,6,82
12105,26917,418,5,6,82
12106,27923,418,5,6,82
12107,26899,418,2,6,82
12108,27402,418,2,6,82
12109,27905,418,2,6,82
12110,27893,230,1,2,50
12111,27390,230,1,2,50
12112,28396,230,1,2,50
12113,27372,230,2,2,50
12114,27875,230,2,2,50
12115,28378,230,2,2,50
12116,27881,230,3,2,50
12117,27378,230,3,2,50
12118,28384,230,3,2,50
12119,27396,230,5,2,50
12120,27899,230,5,2,50
12121,28402,230,5,2,50
12122,27887,230,4,2,50
12123,27384,230,4,2,50
12124,28390,230,4,2,50
12125,27083,398,2,3,55
12126,27586,398,2,3,55
12127,28089,398,2,3,55
12128,27593,398,3,3,55
12129,27090,398,3,3,55
12130,28096,398,3,3,55
12131,27076,398,1,3,55
12132,27579,398,1,3,55
12133,28082,398,1,3,55
12134,27655,249,2,7,58
12135,27152,249,2,7,58
12136,28158,249,2,7,58
12137,27159,249,3,7,58
12138,27662,249,3,7,58
12139,28165,249,3,7,58
12140,27648,249,1,7,58
12141,27145,249,1,7,58
12142,28151,249,1,7,58
12143,26976,399,4,1,67
12144,27479,399,4,1,67
12145,27982,399,4,1,67
12146,27486,399,5,1,67
12147,26983,399,5,1,67
12148,27989,399,5,1,67
12149,26969,399,2,1,67
12150,27472,399,2,1,67
12151,27975,399,2,1,67
12155,26992,399,1,1,67
12156,27495,399,1,1,67
12157,27998,399,1,1,67
13713,27220,1,134,2,1
13716,27123,1,133,1,1
13717,27626,1,133,1,1
13718,27725,1,134,2,1
13719,27222,1,134,2,1
13720,27824,1,121,3,1
13721,27321,1,121,3,1
13722,26948,141,6,3,24
13724,27615,1,67,1,1
13725,27112,1,67,1,1
13727,27605,1,135,1,1
13728,27102,1,135,1,1
13730,27211,1,68,2,1
13731,27714,1,68,2,1
13733,27201,1,136,2,1
13734,27704,1,136,2,1
14333,27812,1,147,3,1
14334,27309,1,147,3,1
14335,27833,1,66,3,1
14336,27330,1,66,3,1
14337,27330,1,66,3,1
14346,28740,147,1,17,14
14347,28741,147,1,17,14
14402,28133,1,133,1,1
14403,27630,1,133,1,1
14404,27127,1,133,1,1
14408,28134,1,133,1,1
14409,27128,1,133,1,1
14410,27631,1,133,1,1
14429,28136,1,133,1,1
14430,27130,1,133,1,1
14431,27633,1,133,1,1
14432,27131,1,181,1,1
14433,27634,1,181,1,1
14444,27135,1,181,1,1
14445,27638,1,181,1,1
14446,28141,1,181,1,1
14450,28142,1,181,1,1
14451,27639,1,181,1,1
14452,27136,1,181,1,1
14471,27641,1,181,1,1
14472,27138,1,181,1,1
14473,28144,1,181,1,1
14474,27110,1,67,1,1
14486,28122,1,67,1,1
14487,27116,1,67,1,1
14488,27619,1,67,1,1
14492,27117,1,67,1,1
14493,27620,1,67,1,1
14494,28123,1,67,1,1
14513,27622,1,67,1,1
14514,28125,1,67,1,1
14515,27119,1,67,1,1
14526,27096,1,170,1,1
14527,27599,1,170,1,1
14528,28102,1,170,1,1
14532,28103,1,170,1,1
14533,27600,1,170,1,1
14534,27097,1,170,1,1
14553,27099,1,170,1,1
14554,27602,1,170,1,1
14555,28105,1,170,1,1
14556,27100,1,135,1,1
14568,27609,1,135,1,1
14569,27106,1,135,1,1
14570,28112,1,135,1,1
14574,27610,1,135,1,1
14575,27107,1,135,1,1
14576,28113,1,135,1,1
14595,27109,1,135,1,1
14596,28115,1,135,1,1
14597,27612,1,135,1,1
14608,28232,1,134,2,1
14609,27729,1,134,2,1
14610,27226,1,134,2,1
14614,27227,1,134,2,1
14615,27730,1,134,2,1
14616,28233,1,134,2,1
14635,27732,1,134,2,1
14636,27229,1,134,2,1
14637,28235,1,134,2,1
14638,27734,1,182,2,1
14639,27231,1,182,2,1
14650,28241,1,182,2,1
14651,27235,1,182,2,1
14652,27738,1,182,2,1
14656,28242,1,182,2,1
14657,27739,1,182,2,1
14658,27236,1,182,2,1
14677,28244,1,182,2,1
14678,27741,1,182,2,1
14679,27238,1,182,2,1
14691,27215,1,68,2,1
14692,28221,1,68,2,1
14693,27718,1,68,2,1
14697,27719,1,68,2,1
14698,28222,1,68,2,1
14699,27216,1,68,2,1
14718,28224,1,68,2,1
14719,27721,1,68,2,1
14720,27218,1,68,2,1
14728,28199,1,168,2,1
14732,28201,1,168,2,1
14733,27698,1,168,2,1
14734,27195,1,168,2,1
14738,27196,1,168,2,1
14739,27699,1,168,2,1
14740,28202,1,168,2,1
14759,27701,1,168,2,1
14760,28204,1,168,2,1
14761,27198,1,168,2,1
14763,27723,1,134,2,1
14774,27205,1,136,2,1
14775,28211,1,136,2,1
14776,27708,1,136,2,1
14780,27206,1,136,2,1
14781,28212,1,136,2,1
14782,27709,1,136,2,1
14801,27208,1,136,2,1
14802,27711,1,136,2,1
14803,28214,1,136,2,1
14814,27828,1,121,3,1
14815,27325,1,121,3,1
14816,28331,1,121,3,1
14820,27326,1,121,3,1
14821,27829,1,121,3,1
14822,28332,1,121,3,1
14841,27328,1,121,3,1
14842,27831,1,121,3,1
14843,28334,1,121,3,1
14847,27797,1,122,3,1
14853,28302,1,122,3,1
14854,27799,1,122,3,1
14855,27296,1,122,3,1
14859,27800,1,122,3,1
14860,28303,1,122,3,1
14861,27297,1,122,3,1
14880,27299,1,122,3,1
14881,28305,1,122,3,1
14882,27802,1,122,3,1
14891,27806,1,123,3,1
14892,27303,1,123,3,1
14893,28309,1,123,3,1
14897,28310,1,123,3,1
14898,27807,1,123,3,1
14899,27304,1,123,3,1
14918,27809,1,123,3,1
14919,27306,1,123,3,1
14920,28312,1,123,3,1
14931,27837,1,66,3,1
14932,28340,1,66,3,1
14933,27334,1,66,3,1
14937,27335,1,66,3,1
14938,27838,1,66,3,1
14939,28341,1,66,3,1
14958,28343,1,66,3,1
14959,27337,1,66,3,1
14960,27840,1,66,3,1
14961,27319,1,121,3,1
14973,28319,1,147,3,1
14974,27816,1,147,3,1
14975,27313,1,147,3,1
14979,27817,1,147,3,1
14980,27314,1,147,3,1
14981,28320,1,147,3,1
15000,27316,1,147,3,1
15001,27819,1,147,3,1
15002,28322,1,147,3,1
15003,27319,1,121,3,1
15006,27285,1,185,3,1
15007,27788,1,185,3,1
15018,27792,1,185,3,1
15019,27289,1,185,3,1
15020,28295,1,185,3,1
15024,28296,1,185,3,1
15025,27290,1,185,3,1
15026,27793,1,185,3,1
15045,27292,1,185,3,1
15046,27795,1,185,3,1
15047,28298,1,185,3,1
15048,26942,141,5,3,24
15049,27429,141,3,3,24
15050,26926,141,3,3,24
15061,27433,141,3,3,24
15062,27936,141,3,3,24
15063,26930,141,3,3,24
15067,27434,141,3,3,24
15068,26931,141,3,3,24
15069,27937,141,3,3,24
15088,27436,141,3,3,24
15089,27939,141,3,3,24
15090,26933,141,3,3,24
15091,27555,149,4,7,22
15097,27533,149,5,7,22
15103,28038,149,5,7,22
15104,27535,149,5,7,22
15105,27032,149,5,7,22
15109,28039,149,5,7,22
15110,27536,149,5,7,22
15111,27033,149,5,7,22
15130,27538,149,5,7,22
15131,27035,149,5,7,22
15132,28041,149,5,7,22
15136,27542,149,3,7,22
15137,27039,149,3,7,22
15148,27546,149,3,7,22
15149,28049,149,3,7,22
15150,27043,149,3,7,22
15154,27044,149,3,7,22
15155,27547,149,3,7,22
15156,28050,149,3,7,22
15175,28052,149,3,7,22
15176,27549,149,3,7,22
15177,27046,149,3,7,22
15181,27340,1,105,15,23
15182,27843,1,105,15,23
15183,28346,1,105,15,23
15187,28347,1,105,15,23
15188,27844,1,105,15,23
15189,27341,1,105,15,23
15208,27343,1,105,15,23
15209,27846,1,105,15,23
15210,28349,1,105,15,23
15214,27848,1,177,15,23
15215,28351,1,177,15,23
15216,27345,1,177,15,23
15220,27346,1,177,15,23
15221,28352,1,177,15,23
15222,27849,1,177,15,23
15241,28354,1,177,15,23
15242,27851,1,177,15,23
15243,27348,1,177,15,23
15247,27365,1,186,15,23
15248,28371,1,186,15,23
15249,27868,1,186,15,23
15253,27366,1,186,15,23
15254,27869,1,186,15,23
15255,28372,1,186,15,23
15274,27368,1,186,15,23
15275,28374,1,186,15,23
15276,27871,1,186,15,23
15278,27521,179,1,4,31
15279,27505,179,3,4,31
15280,27020,179,4,4,31
15281,27523,179,4,4,31
15293,28030,179,4,4,31
15294,27527,179,4,4,31
15295,27024,179,4,4,31
15299,27528,179,4,4,31
15300,28031,179,4,4,31
15301,27025,179,4,4,31
15320,27530,179,4,4,31
15321,27027,179,4,4,31
15322,28033,179,4,4,31
15323,27687,140,2,5,40
15327,28169,140,5,5,40
15328,27163,140,5,5,40
15329,27666,140,5,5,40
15333,28170,140,5,5,40
15334,27667,140,5,5,40
15335,27164,140,5,5,40
15354,28172,140,5,5,40
15355,27669,140,5,5,40
15356,27166,140,5,5,40
15360,27187,140,4,5,40
15361,27690,140,4,5,40
15362,28193,140,4,5,40
15366,27691,140,4,5,40
15367,28194,140,4,5,40
15368,27188,140,4,5,40
15387,27693,140,4,5,40
15388,28196,140,4,5,40
15389,27190,140,4,5,40
15390,28270,141,9,4,24
15398,27243,141,8,4,24
15399,28249,141,8,4,24
15400,27746,141,8,4,24
15404,27244,141,8,4,24
15405,27747,141,8,4,24
15406,28250,141,8,4,24
15425,28252,141,8,4,24
15426,27749,141,8,4,24
15427,27246,141,8,4,24
15435,27755,141,2,4,24
15436,28258,141,2,4,24
15437,27252,141,2,4,24
15441,27756,141,2,4,24
15442,27253,141,2,4,24
15443,28259,141,2,4,24
15462,28261,141,2,4,24
15463,27255,141,2,4,24
15464,27758,141,2,4,24
15468,27400,418,2,6,82
15469,27903,418,2,6,82
15470,26897,418,2,6,82
15474,27401,418,2,6,82
15475,26898,418,2,6,82
15476,27904,418,2,6,82
15495,26900,418,2,6,82
15496,27403,418,2,6,82
15497,27906,418,2,6,82
15505,28080,398,1,3,55
15506,27577,398,1,3,55
15507,27074,398,1,3,55
15511,28081,398,1,3,55
15512,27578,398,1,3,55
15513,27075,398,1,3,55
15532,27580,398,1,3,55
15533,27077,398,1,3,55
15534,28083,398,1,3,55
15542,27143,249,1,7,58
15543,28149,249,1,7,58
15544,27646,249,1,7,58
15548,27647,249,1,7,58
15549,28150,249,1,7,58
15550,27144,249,1,7,58
15569,28152,249,1,7,58
15570,27649,249,1,7,58
15571,27146,249,1,7,58
15574,27468,399,2,1,67
15580,27470,399,2,1,67
15581,27973,399,2,1,67
15582,26967,399,2,1,67
15586,27974,399,2,1,67
15587,27471,399,2,1,67
15588,26968,399,2,1,67
15607,27976,399,2,1,67
15608,27473,399,2,1,67
15609,26970,399,2,1,67
15654,26990,399,1,1,67
15655,27493,399,1,1,67
15656,27996,399,1,1,67
15660,27997,399,1,1,67
15661,26991,399,1,1,67
15662,27494,399,1,1,67
15681,27999,399,1,1,67
15682,27496,399,1,1,67
15683,26993,399,1,1,67
16595,28029,179,4,4,31
16596,27526,179,4,4,31
16597,27023,179,4,4,31
16623,26926,141,3,3,24
16628,26927,141,3,3,24
16629,27430,141,3,3,24
16632,26928,141,3,3,24
16633,27431,141,3,3,24
16643,26929,141,3,3,24
16644,27935,141,3,3,24
16645,27432,141,3,3,24
16673,26964,399,2,1,67
16674,27467,399,2,1,67
16679,26965,399,2,1,67
16680,27468,399,2,1,67
16692,27469,399,2,1,67
16693,27972,399,2,1,67
16694,26966,399,2,1,67
16773,26986,399,1,1,67
16776,27489,399,1,1,67
16777,26986,399,1,1,67
16780,26987,399,1,1,67
16781,27490,399,1,1,67
16786,26988,399,1,1,67
16787,27491,399,1,1,67
16799,27995,399,1,1,67
16800,27492,399,1,1,67
16801,26989,399,1,1,67
16825,27039,149,3,7,22
16830,27532,149,5,7,22
16831,27029,149,5,7,22
16834,27030,149,5,7,22
16835,27533,149,5,7,22
16845,27031,149,5,7,22
16846,27534,149,5,7,22
16847,28037,149,5,7,22
16869,27038,149,3,7,22
16885,27040,149,3,7,22
16886,27543,149,3,7,22
16889,27041,149,3,7,22
16890,27544,149,3,7,22
16900,28048,149,3,7,22
16901,27042,149,3,7,22
16902,27545,149,3,7,22
16931,27574,398,1,3,55
16932,27071,398,1,3,55
16937,27575,398,1,3,55
16938,27072,398,1,3,55
16950,27073,398,1,3,55
16951,27576,398,1,3,55
16952,28079,398,1,3,55
16980,27093,1,170,1,1
16981,27596,1,170,1,1
16984,27094,1,170,1,1
16985,27597,1,170,1,1
16995,27095,1,170,1,1
16996,28101,1,170,1,1
16997,27598,1,170,1,1
17019,27100,1,135,1,1
17020,27100,1,135,1,1
17021,27101,1,135,1,1
17026,27101,1,135,1,1
17038,27103,1,135,1,1
17039,27606,1,135,1,1
17042,27104,1,135,1,1
17043,27607,1,135,1,1
17053,28111,1,135,1,1
17054,27608,1,135,1,1
17055,27105,1,135,1,1
17077,27110,1,67,1,1
17078,27111,1,67,1,1
17079,27111,1,67,1,1
17094,27113,1,67,1,1
17095,27616,1,67,1,1
17098,27114,1,67,1,1
17099,27617,1,67,1,1
17109,27618,1,67,1,1
17110,28121,1,67,1,1
17111,27115,1,67,1,1
17130,27121,1,133,1,1
17131,27120,1,133,1,1
17132,27625,1,133,1,1
17133,27122,1,133,1,1
17144,27123,1,133,1,1
17149,27124,1,133,1,1
17150,27627,1,133,1,1
17153,27125,1,133,1,1
17154,27628,1,133,1,1
17164,27629,1,133,1,1
17165,28132,1,133,1,1
17166,27126,1,133,1,1
17186,27101,1,135,1,1
17195,27131,1,181,1,1
17198,27132,1,181,1,1
17199,27635,1,181,1,1
17202,27636,1,181,1,1
17203,27133,1,181,1,1
17213,28140,1,181,1,1
17214,27637,1,181,1,1
17215,27134,1,181,1,1
17243,27140,249,1,7,58
17244,27643,249,1,7,58
17249,27644,249,1,7,58
17250,27141,249,1,7,58
17262,27142,249,1,7,58
17263,28148,249,1,7,58
17264,27645,249,1,7,58
17286,27642,249,1,7,58
17287,28168,140,5,5,40
17288,27665,140,5,5,40
17289,27162,140,5,5,40
17311,28192,140,4,5,40
17312,27186,140,4,5,40
17313,27689,140,4,5,40
17337,27211,1,68,2,1
17342,27695,1,168,2,1
17343,27192,1,168,2,1
17346,27193,1,168,2,1
17347,27696,1,168,2,1
17357,27194,1,168,2,1
17358,27697,1,168,2,1
17359,28200,1,168,2,1
17381,12084,1,136,2,1
17382,27200,1,136,2,1
17384,27220,1,134,2,1
17389,27200,1,136,2,1
17400,27202,1,136,2,1
17401,27705,1,136,2,1
17404,27203,1,136,2,1
17405,27706,1,136,2,1
17415,27204,1,136,2,1
17416,28210,1,136,2,1
17417,27707,1,136,2,1
17439,12114,1,68,2,1
17440,27210,1,68,2,1
17442,28226,1,134,2,1
17443,27220,1,134,2,1
17450,27713,1,68,2,1
17455,27211,1,68,2,1
17460,27715,1,68,2,1
17461,27212,1,68,2,1
17464,27213,1,68,2,1
17465,27716,1,68,2,1
17475,28220,1,68,2,1
17476,27214,1,68,2,1
17477,27717,1,68,2,1
17496,27220,1,134,2,1
17497,27221,1,134,2,1
17508,27222,1,134,2,1
17513,27223,1,134,2,1
17514,27726,1,134,2,1
17517,27224,1,134,2,1
17518,27727,1,134,2,1
17528,27225,1,134,2,1
17529,27728,1,134,2,1
17530,28231,1,134,2,1
17561,27735,1,182,2,1
17562,27232,1,182,2,1
17565,27736,1,182,2,1
17566,27233,1,182,2,1
17571,27736,1,182,2,1
17577,27234,1,182,2,1
17578,28240,1,182,2,1
17579,27737,1,182,2,1
17607,27240,141,8,4,24
17608,27743,141,8,4,24
17613,27744,141,8,4,24
17614,27241,141,8,4,24
17626,27745,141,8,4,24
17627,27242,141,8,4,24
17628,28248,141,8,4,24
17656,27248,141,2,4,24
17657,27751,141,2,4,24
17660,27752,141,2,4,24
17661,27249,141,2,4,24
17666,27753,141,2,4,24
17667,27250,141,2,4,24
17679,28257,141,2,4,24
17680,27754,141,2,4,24
17681,27251,141,2,4,24
17703,27293,1,185,3,1
17704,27284,1,185,3,1
17720,27286,1,185,3,1
17721,27789,1,185,3,1
17724,27287,1,185,3,1
17725,27790,1,185,3,1
17730,27790,1,185,3,1
17736,27288,1,185,3,1
17737,27791,1,185,3,1
17738,28294,1,185,3,1
17762,27803,1,122,3,1
17763,27300,1,122,3,1
17766,27797,1,122,3,1
17767,27294,1,122,3,1
17777,27295,1,122,3,1
17778,28301,1,122,3,1
17779,27798,1,122,3,1
17801,27812,1,147,3,1
17804,27307,1,123,3,1
17805,27810,1,123,3,1
17808,27804,1,123,3,1
17809,27301,1,123,3,1
17814,27804,1,123,3,1
17820,27302,1,123,3,1
17821,27805,1,123,3,1
17822,28308,1,123,3,1
17841,27317,1,147,3,1
17842,27308,1,147,3,1
17843,27308,1,147,3,1
17845,27319,1,121,3,1
17859,27310,1,147,3,1
17860,27813,1,147,3,1
17863,27311,1,147,3,1
17864,27814,1,147,3,1
17874,27312,1,147,3,1
17875,27815,1,147,3,1
17876,28318,1,147,3,1
17898,27319,1,121,3,1
17899,27318,1,121,3,1
17900,27320,1,121,3,1
17915,27825,1,121,3,1
17916,27322,1,121,3,1
17919,27323,1,121,3,1
17920,27826,1,121,3,1
17930,28330,1,121,3,1
17931,27827,1,121,3,1
17932,27324,1,121,3,1
17953,27308,1,147,3,1
17955,27284,1,185,3,1
17964,27331,1,66,3,1
17965,27834,1,66,3,1
17968,27332,1,66,3,1
17969,27835,1,66,3,1
17979,27333,1,66,3,1
17980,27836,1,66,3,1
17981,28339,1,66,3,1
18003,27842,1,105,15,23
18004,27339,1,105,15,23
18005,28345,1,105,15,23
18027,28350,1,177,15,23
18028,27344,1,177,15,23
18029,27847,1,177,15,23
18051,27364,1,186,15,23
18052,27867,1,186,15,23
18053,28370,1,186,15,23
18075,26896,418,2,6,82
18076,27399,418,2,6,82
18077,27902,418,2,6,82
18100,12715,199,1,14,14
18105,12720,199,1,14,14
18110,12725,199,1,14,14
18111,12725,199,1,14,14
18120,12730,199,1,14,14
18121,12730,199,1,14,14
18130,12735,199,1,14,14
18131,12735,199,1,14,14
18140,12740,199,1,14,14
18141,12740,199,1,14,14
18142,12740,199,1,14,14
18155,12745,199,1,14,14
18156,12745,199,1,14,14
18157,12745,199,1,14,14
18170,12750,199,1,14,14
18171,12750,199,1,14,14
18172,12750,199,1,14,14
18185,12755,199,1,14,14
18186,12755,199,1,14,14
18187,12755,199,1,14,14
18200,12760,199,1,14,14
18201,12760,199,1,14,14
18202,12760,199,1,14,14
18203,28710,198,1,14,14
18208,28711,198,1,14,14
18213,28772,198,1,14,14
18214,28712,198,1,14,14
18223,28713,198,1,14,14
18224,28773,198,1,14,14
18233,28774,198,1,14,14
18234,28714,198,1,14,14
18243,28715,198,1,14,14
18244,28835,198,1,14,14
18245,28775,198,1,14,14
18258,28836,198,1,14,14
18259,28776,198,1,14,14
18260,28716,198,1,14,14
18273,28777,198,1,14,14
18274,28717,198,1,14,14
18275,28837,198,1,14,14
18288,28718,198,1,14,14
18289,28778,198,1,14,14
18290,28838,198,1,14,14
18303,28839,198,1,14,14
18304,28719,198,1,14,14
18305,28779,198,1,14,14
18313,28742,147,1,17,14
18314,28802,147,1,17,14
18321,28743,147,1,17,14
18322,28803,147,1,17,14
18329,28804,147,1,17,14
18330,28744,147,1,17,14
18337,28865,147,1,17,14
18338,28745,147,1,17,14
18339,28805,147,1,17,14
18352,28746,147,1,17,14
18353,28806,147,1,17,14
18354,28866,147,1,17,14
18367,28747,147,1,17,14
18368,28867,147,1,17,14
18369,28807,147,1,17,14
18382,28868,147,1,17,14
18383,28748,147,1,17,14
18384,28808,147,1,17,14
18397,28749,147,1,17,14
18398,28809,147,1,17,14
18399,28869,147,1,17,14
18403,27037,149,3,7,22
26940,27009,179,1,4,31
41690,27524,179,4,4,31
41691,27021,179,4,4,31
41698,27525,179,4,4,31
41699,27022,179,4,4,31
42219,6331,1,3,8,
42232,28209,1,136,2,1
42233,28293,1,185,3,1
42236,27574,398,1,3,55
42237,27430,141,3,3,24
42238,27643,249,1,7,58
42239,27467,399,2,1,67
42241,20769,174,48,13,
42389,28035,149,5,7,22
42390,28146,249,1,7,58
42391,28099,1,170,1,1
42397,27010,179,1,4,31
42398,27010,179,1,4,31
42399,27604,1,135,1,1
42409,21027,147,3,14,
42411,27695,1,168,2,1
42412,21039,141,1,4,
42421,27215,1,68,2,1
42422,27334,1,66,3,1
42423,27313,1,147,3,1
42437,21096,1,133,1,1
42439,27010,179,1,4,31
42440,27049,149,4,7,22
42620,21706,1,224,8,
42638,27211,1,68,2,1
42639,27060,149,1,7,22
42643,27061,149,1,7,22
42644,26948,141,6,3,24
42649,21762,174,49,1,
42650,21763,174,49,1,
42651,21764,174,49,1,
42652,21765,174,49,1,
42653,21766,174,49,1,
44828,21832,1,245,,
44829,21833,1,1,8,
44830,21834,1,79,8,
44831,21835,1,190,8,
44832,21836,1,296,8,
44833,21837,174,24,8,
44834,21838,1,149,8,
44837,21843,1,242,8,
44838,21849,174,13,8,
44876,21875,172,169,14,
44877,21875,172,169,14,
44897,27029,149,5,7,22
44903,21921,179,3,4,
44904,21922,179,4,4,
44905,21923,399,1,1,
44906,21924,149,1,7,
44907,21925,398,1,3,
44908,21926,1,170,1,
44909,21927,1,67,1,
44910,21928,249,1,7,
44911,21929,1,168,2,
44912,21930,1,68,2,
44913,21931,1,123,3,
45022,27028,179,4,4,31
45024,27338,1,66,3,1
45032,6048,1,133,1,1
45459,28204,1,168,2,1
45460,28218,1,68,2,1
45466,27134,1,181,1,1
45467,26978,399,4,1,67
45657,27730,1,134,2,1
45659,23120,1,249,8,
45660,23126,1,250,8,
45665,27536,149,5,7,22
45666,27501,179,2,4,31
45668,27747,141,8,4,24
45669,27880,230,3,2,50
45671,28133,1,133,1,1
45672,27463,141,7,3,24
45673,27592,398,3,3,55
45679,28377,230,2,2,50
45680,27853,1,128,15,23
45681,27782,141,10,4,24
45682,27667,140,5,5,40
45684,27854,1,128,15,23
45685,27494,399,1,1,67
45686,27782,141,10,4,24
45687,27699,1,168,2,1
45691,27592,398,3,3,55
45692,27463,141,7,3,24
45693,27558,149,4,7,22
45694,27764,141,9,4,24
45695,27678,140,3,5,40
45697,27599,1,170,1,1
45701,27868,1,186,15,23
45702,27494,399,1,1,67
45703,27585,398,2,3,55
45711,27873,230,2,2,50
45712,27455,141,6,3,24
45713,27672,140,1,5,40
45722,27685,140,2,5,40
45723,27863,1,132,15,23
45724,27578,398,1,3,55
45725,27107,1,135,1,1
45726,26904,418,3,6,82
45731,27898,230,5,2,50
45732,27413,418,4,6,82
45733,28258,141,2,4,24
45739,27401,418,2,6,82
45740,27440,141,4,3,24
45741,27518,179,1,4,31
45747,27176,140,3,5,40
45751,27773,141,1,4,24
45752,27592,398,3,3,55
45753,27646,249,1,7,58
45755,27891,230,1,2,50
45756,27401,418,2,6,82
45757,27463,141,7,3,24
45758,27667,140,5,5,40
45759,27447,141,5,3,24
45760,27535,149,5,7,22
45762,27055,149,4,7,22
45763,27016,179,1,4,31
45773,27395,230,5,2,50
45777,26975,399,4,1,67
45788,27868,1,186,15,23
45789,27484,399,5,1,67
45791,27585,398,2,3,55
45794,27044,149,3,7,22
45796,27389,230,1,2,50
45800,27196,1,168,2,1
45810,26968,399,2,1,67
45812,27082,398,2,3,55
45816,28376,230,2,2,50
45818,27418,418,5,6,82
45820,27958,141,6,3,24
45822,27690,140,4,5,40
45824,27867,1,186,15,23
45827,27584,398,2,3,55
45834,23198,174,51,8,
47624,26902,418,3,6,82
47625,27405,418,3,6,82
47626,27908,418,3,6,82
47628,26903,418,3,6,82
47629,27406,418,3,6,82
47630,27909,418,3,6,82
47632,26904,418,3,6,82
47633,27407,418,3,6,82
47634,27910,418,3,6,82
47640,26906,418,3,6,82
47641,27409,418,3,6,82
47642,27912,418,3,6,82
47644,26908,418,4,6,82
47645,27411,418,4,6,82
47646,27914,418,4,6,82
47648,26909,418,4,6,82
47649,27412,418,4,6,82
47650,27915,418,4,6,82
47652,26910,418,4,6,82
47653,27413,418,4,6,82
47654,27916,418,4,6,82
47660,26912,418,4,6,82
47661,27415,418,4,6,82
47662,27918,418,4,6,82
47664,26914,418,5,6,82
47665,27417,418,5,6,82
47666,27920,418,5,6,82
47668,26915,418,5,6,82
47669,27418,418,5,6,82
47670,27921,418,5,6,82
47672,26916,418,5,6,82
47673,27419,418,5,6,82
47674,27922,418,5,6,82
47680,26918,418,5,6,82
47681,27421,418,5,6,82
47682,27924,418,5,6,82
47684,26920,418,1,6,82
47685,27423,418,1,6,82
47686,27926,418,1,6,82
47688,26921,418,1,6,82
47689,27424,418,1,6,82
47690,27927,418,1,6,82
47692,26922,418,1,6,82
47693,27425,418,1,6,82
47694,27928,418,1,6,82
47700,26924,418,1,6,82
47701,27427,418,1,6,82
47702,27930,418,1,6,82
47704,20423,179,2,4,31
47705,20423,179,2,4,31
47706,20423,179,2,4,31
47708,20428,179,2,4,31
47709,20428,179,2,4,31
47710,20428,179,2,4,31
47712,8666,179,2,4,31
47713,8666,179,2,4,31
47714,8666,179,2,4,31
47716,27001,179,2,4,31
47717,27504,179,2,4,31
47718,28007,179,2,4,31
47720,26995,179,2,4,31
47721,27498,179,2,4,31
47722,28001,179,2,4,31
47724,26996,179,2,4,31
47725,27499,179,2,4,31
47726,28002,179,2,4,31
47728,26997,179,2,4,31
47729,27500,179,2,4,31
47730,28003,179,2,4,31
47732,26998,179,2,4,31
47733,27501,179,2,4,31
47734,28004,179,2,4,31
47740,27000,179,2,4,31
47741,27503,179,2,4,31
47742,28006,179,2,4,31
47744,20442,179,3,4,31
47745,20442,179,3,4,31
47746,20442,179,3,4,31
47748,20447,179,3,4,31
47749,20447,179,3,4,31
47750,20447,179,3,4,31
47752,8684,179,3,4,31
47753,8684,179,3,4,31
47754,8684,179,3,4,31
47756,27008,179,3,4,31
47757,27511,179,3,4,31
47758,28014,179,3,4,31
47760,27002,179,3,4,31
47761,27505,179,3,4,31
47762,28008,179,3,4,31
47764,27003,179,3,4,31
47765,27506,179,3,4,31
47766,28009,179,3,4,31
47768,27004,179,3,4,31
47769,27507,179,3,4,31
47770,28010,179,3,4,31
47772,27005,179,3,4,31
47773,27508,179,3,4,31
47774,28011,179,3,4,31
47780,27007,179,3,4,31
47781,27510,179,3,4,31
47782,28013,179,3,4,31
47784,27009,179,1,4,31
47785,27512,179,1,4,31
47786,28015,179,1,4,31
47788,27010,179,1,4,31
47789,27513,179,1,4,31
47790,28016,179,1,4,31
47792,27011,179,1,4,31
47793,27514,179,1,4,31
47794,28017,179,1,4,31
47796,27012,179,1,4,31
47797,27515,179,1,4,31
47798,28018,179,1,4,31
47800,27013,179,1,4,31
47801,27516,179,1,4,31
47802,28019,179,1,4,31
47804,27014,179,1,4,31
47805,27517,179,1,4,31
47806,28020,179,1,4,31
47808,27015,179,1,4,31
47809,27518,179,1,4,31
47810,28021,179,1,4,31
47812,27016,179,1,4,31
47813,27519,179,1,4,31
47814,28022,179,1,4,31
47820,27018,179,1,4,31
47822,28024,179,1,4,31
47824,20480,179,4,4,31
47825,20480,179,4,4,31
47826,20480,179,4,4,31
47829,27531,179,4,4,31
47830,28034,179,4,4,31
47834,28026,179,4,4,31
47838,28027,179,4,4,31
47842,28028,179,4,4,31
47866,27932,141,3,3,24
47870,27933,141,3,3,24
47874,27934,141,3,3,24
47896,8406,141,4,3,24
47897,8406,141,4,3,24
47898,8406,141,4,3,24
47900,26934,141,4,3,24
47901,27437,141,4,3,24
47902,27940,141,4,3,24
47904,26935,141,4,3,24
47905,27438,141,4,3,24
47906,27941,141,4,3,24
47908,26936,141,4,3,24
47909,27439,141,4,3,24
47910,27942,141,4,3,24
47912,26937,141,4,3,24
47913,27440,141,4,3,24
47914,27943,141,4,3,24
47916,26938,141,4,3,24
47917,27441,141,4,3,24
47918,27944,141,4,3,24
47924,26940,141,4,3,24
47925,27443,141,4,3,24
47926,27946,141,4,3,24
47928,8423,141,5,3,24
47929,8423,141,5,3,24
47930,8423,141,5,3,24
47932,26941,141,5,3,24
47933,27444,141,5,3,24
47934,27947,141,5,3,24
47936,26942,141,5,3,24
47937,27445,141,5,3,24
47938,27948,141,5,3,24
47940,26943,141,5,3,24
47941,27446,141,5,3,24
47942,27949,141,5,3,24
47944,26944,141,5,3,24
47945,27447,141,5,3,24
47946,27950,141,5,3,24
47948,26945,141,5,3,24
47949,27448,141,5,3,24
47950,27951,141,5,3,24
47956,26947,141,5,3,24
47957,27450,141,5,3,24
47958,27953,141,5,3,24
47960,26948,141,6,3,24
47961,27451,141,6,3,24
47962,27954,141,6,3,24
47964,26949,141,6,3,24
47965,27452,141,6,3,24
47966,27955,141,6,3,24
47968,26950,141,6,3,24
47969,27453,141,6,3,24
47970,27956,141,6,3,24
47972,26951,141,6,3,24
47973,27454,141,6,3,24
47974,27957,141,6,3,24
47976,26952,141,6,3,24
47977,27455,141,6,3,24
47978,27958,141,6,3,24
47980,26953,141,6,3,24
47981,27456,141,6,3,24
47982,27959,141,6,3,24
47988,26955,141,6,3,24
47989,27458,141,6,3,24
47990,27961,141,6,3,24
47992,26956,141,7,3,24
47993,27459,141,7,3,24
47994,27962,141,7,3,24
47996,26957,141,7,3,24
47997,27460,141,7,3,24
47998,27963,141,7,3,24
48000,26958,141,7,3,24
48001,27461,141,7,3,24
48002,27964,141,7,3,24
48004,26959,141,7,3,24
48005,27462,141,7,3,24
48006,27965,141,7,3,24
48008,26960,141,7,3,24
48009,27463,141,7,3,24
48010,27966,141,7,3,24
48012,26961,141,7,3,24
48013,27464,141,7,3,24
48014,27967,141,7,3,24
48020,26963,141,7,3,24
48021,27466,141,7,3,24
48022,27969,141,7,3,24
48024,26971,399,2,1,67
48025,27474,399,2,1,67
48026,27977,399,2,1,67
48030,27970,399,2,1,67
48034,27971,399,2,1,67
48056,11559,399,4,1,67
48057,11559,399,4,1,67
48058,11559,399,4,1,67
48060,26978,399,4,1,67
48061,27481,399,4,1,67
48062,27984,399,4,1,67
48064,26972,399,4,1,67
48065,27475,399,4,1,67
48066,27978,399,4,1,67
48068,26973,399,4,1,67
48069,27476,399,4,1,67
48070,27979,399,4,1,67
48072,26974,399,4,1,67
48073,27477,399,4,1,67
48074,27980,399,4,1,67
48076,26975,399,4,1,67
48077,27478,399,4,1,67
48078,27981,399,4,1,67
48084,26977,399,4,1,67
48085,27480,399,4,1,67
48086,27983,399,4,1,67
48088,11581,399,5,1,67
48089,11581,399,5,1,67
48090,11581,399,5,1,67
48092,26985,399,5,1,67
48093,27488,399,5,1,67
48094,27991,399,5,1,67
48096,26979,399,5,1,67
48097,27482,399,5,1,67
48098,27985,399,5,1,67
48100,26980,399,5,1,67
48101,27483,399,5,1,67
48102,27986,399,5,1,67
48104,26981,399,5,1,67
48105,27484,399,5,1,67
48106,27987,399,5,1,67
48108,26982,399,5,1,67
48109,27485,399,5,1,67
48110,27988,399,5,1,67
48116,26984,399,5,1,67
48117,27487,399,5,1,67
48118,27990,399,5,1,67
48122,27992,399,1,1,67
48126,27993,399,1,1,67
48130,27994,399,1,1,67
48152,12949,149,5,7,22
48153,12949,149,5,7,22
48154,12949,149,5,7,22
48156,11623,149,5,7,22
48157,11623,149,5,7,22
48158,11623,149,5,7,22
48160,27036,149,5,7,22
48161,27539,149,5,7,22
48162,28042,149,5,7,22
48166,28035,149,5,7,22
48170,28036,149,5,7,22
48193,27540,149,3,7,22
48194,28043,149,3,7,22
48197,27541,149,3,7,22
48198,28044,149,3,7,22
48202,28045,149,3,7,22
48206,28046,149,3,7,22
48210,28047,149,3,7,22
48232,27048,149,4,7,22
48233,27551,149,4,7,22
48234,28054,149,4,7,22
48236,27049,149,4,7,22
48237,27552,149,4,7,22
48238,28055,149,4,7,22
48240,27050,149,4,7,22
48241,27553,149,4,7,22
48242,28056,149,4,7,22
48244,27051,149,4,7,22
48245,27554,149,4,7,22
48246,28057,149,4,7,22
48248,27052,149,4,7,22
48249,27555,149,4,7,22
48250,28058,149,4,7,22
48252,27053,149,4,7,22
48253,27556,149,4,7,22
48254,28059,149,4,7,22
48256,27054,149,4,7,22
48257,27557,149,4,7,22
48258,28060,149,4,7,22
48260,27055,149,4,7,22
48261,27558,149,4,7,22
48262,28061,149,4,7,22
48268,27057,149,4,7,22
48269,27560,149,4,7,22
48270,28063,149,4,7,22
48272,27059,149,1,7,22
48273,27562,149,1,7,22
48274,28065,149,1,7,22
48276,27060,149,1,7,22
48277,27563,149,1,7,22
48278,28066,149,1,7,22
48280,27061,149,1,7,22
48281,27564,149,1,7,22
48282,28067,149,1,7,22
48284,27062,149,1,7,22
48285,27565,149,1,7,22
48286,28068,149,1,7,22
48288,27063,149,1,7,22
48289,27566,149,1,7,22
48290,28069,149,1,7,22
48292,27064,149,1,7,22
48293,27567,149,1,7,22
48294,28070,149,1,7,22
48296,27065,149,1,7,22
48297,27568,149,1,7,22
48298,28071,149,1,7,22
48300,27066,149,1,7,22
48301,27569,149,1,7,22
48302,28072,149,1,7,22
48308,27068,149,1,7,22
48309,27571,149,1,7,22
48310,28074,149,1,7,22
48312,27070,398,1,3,55
48313,27573,398,1,3,55
48314,28076,398,1,3,55
48318,28077,398,1,3,55
48322,28078,398,1,3,55
48344,11759,398,2,3,55
48345,11759,398,2,3,55
48346,11759,398,2,3,55
48348,27085,398,2,3,55
48349,27588,398,2,3,55
48350,28091,398,2,3,55
48352,27079,398,2,3,55
48353,27582,398,2,3,55
48354,28085,398,2,3,55
48356,27080,398,2,3,55
48357,27583,398,2,3,55
48358,28086,398,2,3,55
48360,27081,398,2,3,55
48361,27584,398,2,3,55
48362,28087,398,2,3,55
48364,27082,398,2,3,55
48365,27585,398,2,3,55
48366,28088,398,2,3,55
48372,27084,398,2,3,55
48373,27587,398,2,3,55
48374,28090,398,2,3,55
48376,11781,398,3,3,55
48377,11781,398,3,3,55
48378,11781,398,3,3,55
48380,27092,398,3,3,55
48381,27595,398,3,3,55
48382,28098,398,3,3,55
48384,27086,398,3,3,55
48385,27589,398,3,3,55
48386,28092,398,3,3,55
48388,27087,398,3,3,55
48389,27590,398,3,3,55
48390,28093,398,3,3,55
48392,27088,398,3,3,55
48393,27591,398,3,3,55
48394,28094,398,3,3,55
48396,27089,398,3,3,55
48397,27592,398,3,3,55
48398,28095,398,3,3,55
48404,27091,398,3,3,55
48405,27594,398,3,3,55
48406,28097,398,3,3,55
48408,8154,1,170,1,1
48409,8154,1,170,1,1
48410,8154,1,170,1,1
48412,11800,1,170,1,1
48413,11800,1,170,1,1
48414,11800,1,170,1,1
48416,11804,1,170,1,1
48417,11804,1,170,1,1
48418,11804,1,170,1,1
48420,8156,1,170,1,1
48421,8156,1,170,1,1
48422,8156,1,170,1,1
48426,28099,1,170,1,1
48430,28100,1,170,1,1
48452,8173,1,135,1,1
48453,8173,1,135,1,1
48454,8173,1,135,1,1
48457,27603,1,135,1,1
48458,28106,1,135,1,1
48461,27604,1,135,1,1
48462,28107,1,135,1,1
48466,28108,1,135,1,1
48470,28109,1,135,1,1
48474,28110,1,135,1,1
48496,8136,1,67,1,1
48497,8136,1,67,1,1
48498,8136,1,67,1,1
48501,27613,1,67,1,1
48502,28116,1,67,1,1
48505,27614,1,67,1,1
48506,28117,1,67,1,1
48510,28118,1,67,1,1
48514,28119,1,67,1,1
48518,28120,1,67,1,1
48541,27623,1,133,1,1
48542,28126,1,133,1,1
48545,27624,1,133,1,1
48546,28127,1,133,1,1
48549,27625,1,133,1,1
48550,28128,1,133,1,1
48554,28129,1,133,1,1
48558,28130,1,133,1,1
48562,28131,1,133,1,1
48584,8116,1,181,1,1
48585,8116,1,181,1,1
48586,8116,1,181,1,1
48588,11918,1,181,1,1
48589,11918,1,181,1,1
48590,11918,1,181,1,1
48592,11922,1,181,1,1
48593,11922,1,181,1,1
48594,11922,1,181,1,1
48598,28137,1,181,1,1
48602,28138,1,181,1,1
48606,28139,1,181,1,1
48628,27139,249,1,7,58
48629,27642,249,1,7,58
48630,28145,249,1,7,58
48634,28146,249,1,7,58
48638,28147,249,1,7,58
48660,11973,249,2,7,58
48661,11973,249,2,7,58
48662,11973,249,2,7,58
48664,27154,249,2,7,58
48665,27657,249,2,7,58
48666,28160,249,2,7,58
48668,27148,249,2,7,58
48669,27651,249,2,7,58
48670,28154,249,2,7,58
48672,27149,249,2,7,58
48673,27652,249,2,7,58
48674,28155,249,2,7,58
48676,27150,249,2,7,58
48677,27653,249,2,7,58
48678,28156,249,2,7,58
48680,27151,249,2,7,58
48681,27654,249,2,7,58
48682,28157,249,2,7,58
48688,27153,249,2,7,58
48689,27656,249,2,7,58
48690,28159,249,2,7,58
48692,11995,249,3,7,58
48693,11995,249,3,7,58
48694,11995,249,3,7,58
48696,27161,249,3,7,58
48697,27664,249,3,7,58
48698,28167,249,3,7,58
48700,27155,249,3,7,58
48701,27658,249,3,7,58
48702,28161,249,3,7,58
48704,27156,249,3,7,58
48705,27659,249,3,7,58
48706,28162,249,3,7,58
48708,27157,249,3,7,58
48709,27660,249,3,7,58
48710,28163,249,3,7,58
48712,27158,249,3,7,58
48713,27661,249,3,7,58
48714,28164,249,3,7,58
48720,27160,249,3,7,58
48721,27663,249,3,7,58
48722,28166,249,3,7,58
48744,27168,140,1,5,40
48745,27671,140,1,5,40
48746,28174,140,1,5,40
48748,27169,140,1,5,40
48749,27672,140,1,5,40
48750,28175,140,1,5,40
48752,27170,140,1,5,40
48753,27673,140,1,5,40
48754,28176,140,1,5,40
48760,27172,140,1,5,40
48761,27675,140,1,5,40
48762,28178,140,1,5,40
48764,27174,140,3,5,40
48765,27677,140,3,5,40
48766,28180,140,3,5,40
48768,27175,140,3,5,40
48769,27678,140,3,5,40
48770,28181,140,3,5,40
48772,27176,140,3,5,40
48773,27679,140,3,5,40
48774,28182,140,3,5,40
48780,27178,140,3,5,40
48781,27681,140,3,5,40
48782,28184,140,3,5,40
48784,27180,140,2,5,40
48785,27683,140,2,5,40
48786,28186,140,2,5,40
48788,27181,140,2,5,40
48789,27684,140,2,5,40
48790,28187,140,2,5,40
48792,27182,140,2,5,40
48793,27685,140,2,5,40
48794,28188,140,2,5,40
48800,27184,140,2,5,40
48802,28190,140,2,5,40
48824,12054,1,168,2,1
48825,12054,1,168,2,1
48826,12054,1,168,2,1
48828,12058,1,168,2,1
48829,12058,1,168,2,1
48830,12058,1,168,2,1
48832,8247,1,168,2,1
48833,8247,1,168,2,1
48834,8247,1,168,2,1
48838,28198,1,168,2,1
48842,28199,1,168,2,1
48865,12084,1,136,2,1
48866,12084,1,136,2,1
48869,27703,1,136,2,1
48870,28206,1,136,2,1
48874,28207,1,136,2,1
48878,28208,1,136,2,1
48882,28209,1,136,2,1
48905,12114,1,68,2,1
48906,12114,1,68,2,1
48909,27713,1,68,2,1
48910,28216,1,68,2,1
48914,28217,1,68,2,1
48918,28218,1,68,2,1
48922,28219,1,68,2,1
48945,27723,1,134,2,1
48946,28226,1,134,2,1
48949,27724,1,134,2,1
48950,28227,1,134,2,1
48954,28228,1,134,2,1
48958,28229,1,134,2,1
48962,28230,1,134,2,1
48984,12172,1,182,2,1
48985,12172,1,182,2,1
48986,12172,1,182,2,1
48988,12176,1,182,2,1
48989,12176,1,182,2,1
48990,12176,1,182,2,1
48994,28237,1,182,2,1
48998,28238,1,182,2,1
49002,28239,1,182,2,1
49024,27247,141,8,4,24
49025,27750,141,8,4,24
49026,28253,141,8,4,24
49030,28246,141,8,4,24
49034,28247,141,8,4,24
49058,28254,141,2,4,24
49062,28255,141,2,4,24
49066,28256,141,2,4,24
49088,27257,141,9,4,24
49089,27760,141,9,4,24
49090,28263,141,9,4,24
49092,27258,141,9,4,24
49093,27761,141,9,4,24
49094,28264,141,9,4,24
49096,27259,141,9,4,24
49097,27762,141,9,4,24
49098,28265,141,9,4,24
49100,27260,141,9,4,24
49101,27763,141,9,4,24
49102,28266,141,9,4,24
49104,27261,141,9,4,24
49105,27764,141,9,4,24
49106,28267,141,9,4,24
49108,27262,141,9,4,24
49109,27765,141,9,4,24
49110,28268,141,9,4,24
49116,27264,141,9,4,24
49117,27767,141,9,4,24
49120,27266,141,1,4,24
49121,27769,141,1,4,24
49122,28272,141,1,4,24
49124,27267,141,1,4,24
49125,27770,141,1,4,24
49126,28273,141,1,4,24
49128,27268,141,1,4,24
49129,27771,141,1,4,24
49130,28274,141,1,4,24
49132,27269,141,1,4,24
49133,27772,141,1,4,24
49134,28275,141,1,4,24
49136,27270,141,1,4,24
49137,27773,141,1,4,24
49138,28276,141,1,4,24
49140,27271,141,1,4,24
49141,27774,141,1,4,24
49142,28277,141,1,4,24
49148,27273,141,1,4,24
49149,27776,141,1,4,24
49150,28279,141,1,4,24
49152,27275,141,10,4,24
49153,27778,141,10,4,24
49154,28281,141,10,4,24
49156,27276,141,10,4,24
49157,27779,141,10,4,24
49158,28282,141,10,4,24
49160,27277,141,10,4,24
49161,27780,141,10,4,24
49162,28283,141,10,4,24
49164,27278,141,10,4,24
49165,27781,141,10,4,24
49166,28284,141,10,4,24
49168,27279,141,10,4,24
49169,27782,141,10,4,24
49170,28285,141,10,4,24
49172,27280,141,10,4,24
49173,27783,141,10,4,24
49174,28286,141,10,4,24
49180,27282,141,10,4,24
49181,27785,141,10,4,24
49182,28288,141,10,4,24
49184,8370,1,185,3,1
49185,8370,1,185,3,1
49186,8370,1,185,3,1
49189,27796,1,185,3,1
49190,28299,1,185,3,1
49193,27787,1,185,3,1
49194,28290,1,185,3,1
49198,28291,1,185,3,1
49202,28292,1,185,3,1
49206,28293,1,185,3,1
49228,8298,1,122,3,1
49229,8298,1,122,3,1
49230,8298,1,122,3,1
49232,12392,1,122,3,1
49233,12392,1,122,3,1
49234,12392,1,122,3,1
49236,12396,1,122,3,1
49237,12396,1,122,3,1
49238,12396,1,122,3,1
49240,7492,1,122,3,1
49241,7492,1,122,3,1
49242,7492,1,122,3,1
49246,28306,1,122,3,1
49250,28300,1,122,3,1
49272,8316,1,123,3,1
49273,8316,1,123,3,1
49274,8316,1,123,3,1
49276,12422,1,123,3,1
49277,12422,1,123,3,1
49278,12422,1,123,3,1
49280,12426,1,123,3,1
49281,12426,1,123,3,1
49282,12426,1,123,3,1
49284,7490,1,123,3,1
49285,7490,1,123,3,1
49286,7490,1,123,3,1
49290,28313,1,123,3,1
49294,28307,1,123,3,1
49316,8352,1,147,3,1
49317,8352,1,147,3,1
49318,8352,1,147,3,1
49321,27820,1,147,3,1
49322,28323,1,147,3,1
49325,27811,1,147,3,1
49326,28314,1,147,3,1
49330,28315,1,147,3,1
49334,28316,1,147,3,1
49338,28317,1,147,3,1
49361,27821,1,121,3,1
49362,28324,1,121,3,1
49365,27822,1,121,3,1
49366,28325,1,121,3,1
49369,27823,1,121,3,1
49370,28326,1,121,3,1
49374,28327,1,121,3,1
49378,28328,1,121,3,1
49382,28329,1,121,3,1
49404,8334,1,66,3,1
49405,8334,1,66,3,1
49406,8334,1,66,3,1
49408,12510,1,66,3,1
49409,12510,1,66,3,1
49410,12510,1,66,3,1
49413,27841,1,66,3,1
49414,28344,1,66,3,1
49418,28336,1,66,3,1
49422,28337,1,66,3,1
49426,28338,1,66,3,1
49488,27349,1,128,15,23
49489,27852,1,128,15,23
49490,28355,1,128,15,23
49492,27350,1,128,15,23
49493,27853,1,128,15,23
49494,28356,1,128,15,23
49496,27351,1,128,15,23
49497,27854,1,128,15,23
49498,28357,1,128,15,23
49504,27353,1,128,15,23
49505,27856,1,128,15,23
49506,28359,1,128,15,23
49508,27354,1,129,15,23
49509,27857,1,129,15,23
49510,28360,1,129,15,23
49512,27355,1,129,15,23
49513,27858,1,129,15,23
49514,28361,1,129,15,23
49516,27356,1,129,15,23
49517,27859,1,129,15,23
49518,28362,1,129,15,23
49524,27358,1,129,15,23
49525,27861,1,129,15,23
49526,28364,1,129,15,23
49528,27359,1,132,15,23
49529,27862,1,132,15,23
49530,28365,1,132,15,23
49532,27360,1,132,15,23
49533,27863,1,132,15,23
49534,28366,1,132,15,23
49536,27361,1,132,15,23
49537,27864,1,132,15,23
49538,28367,1,132,15,23
49544,27363,1,132,15,23
49545,27866,1,132,15,23
49546,28369,1,132,15,23
49568,27369,230,2,2,50
49569,27872,230,2,2,50
49570,28375,230,2,2,50
49572,27370,230,2,2,50
49573,27873,230,2,2,50
49574,28376,230,2,2,50
49576,27371,230,2,2,50
49577,27874,230,2,2,50
49578,28377,230,2,2,50
49584,27373,230,2,2,50
49585,27876,230,2,2,50
49586,28379,230,2,2,50
49588,27375,230,3,2,50
49589,27878,230,3,2,50
49590,28381,230,3,2,50
49592,27376,230,3,2,50
49593,27879,230,3,2,50
49594,28382,230,3,2,50
49596,27377,230,3,2,50
49597,27880,230,3,2,50
49598,28383,230,3,2,50
49604,27379,230,3,2,50
49605,27882,230,3,2,50
49606,28385,230,3,2,50
49608,27381,230,4,2,50
49609,27884,230,4,2,50
49610,28387,230,4,2,50
49612,27382,230,4,2,50
49613,27885,230,4,2,50
49614,28388,230,4,2,50
49616,27383,230,4,2,50
49617,27886,230,4,2,50
49618,28389,230,4,2,50
49624,27385,230,4,2,50
49625,27888,230,4,2,50
49626,28391,230,4,2,50
49628,27387,230,1,2,50
49629,27890,230,1,2,50
49630,28393,230,1,2,50
49632,27388,230,1,2,50
49633,27891,230,1,2,50
49634,28394,230,1,2,50
49636,27389,230,1,2,50
49637,27892,230,1,2,50
49638,28395,230,1,2,50
49644,27391,230,1,2,50
49645,27894,230,1,2,50
49646,28397,230,1,2,50
49648,27393,230,5,2,50
49649,27896,230,5,2,50
49650,28399,230,5,2,50
49652,27394,230,5,2,50
49653,27897,230,5,2,50
49654,28400,230,5,2,50
49656,27395,230,5,2,50
49657,27898,230,5,2,50
49658,28401,230,5,2,50
49664,27397,230,5,2,50
49665,27900,230,5,2,50
49666,28403,230,5,2,50
50326,24828,1,133,17,
50334,27030,149,5,7,22
50337,27148,249,2,7,58
50338,26972,399,4,1,67
50341,27234,1,182,2,1
50342,27080,398,2,3,55
50435,25082,418,2,6,82
50436,25083,418,3,6,82
50437,25084,418,4,6,82
50438,25085,418,5,6,82
50439,25086,418,1,6,82
50440,25087,179,1,4,31
50441,25088,399,1,1,67
50442,25089,149,3,7,22
50443,25090,149,4,7,22
50444,25091,149,1,7,22
50445,25092,398,1,3,55
50446,25093,249,1,7,58
50447,25094,140,5,5,40
50448,25095,140,1,5,40
50449,25096,140,3,5,40
50450,25097,140,2,5,40
50451,25098,140,4,5,40
50452,25099,141,2,4,24
50453,25100,141,9,4,24
50454,25101,141,1,4,24
50455,25102,141,10,4,24
50456,25103,1,121,3,1
50457,25104,230,2,2,50
50458,25105,230,3,2,50
50459,25106,230,4,2,50
50460,25107,230,1,2,50
50461,25108,230,5,2,50
50463,26901,418,2,6,82
50464,27404,418,2,6,82
50465,27907,418,2,6,82
50467,26907,418,3,6,82
50468,27410,418,3,6,82
50469,27913,418,3,6,82
50471,26913,418,4,6,82
50472,27416,418,4,6,82
50473,27919,418,4,6,82
50475,26919,418,5,6,82
50476,27422,418,5,6,82
50477,27925,418,5,6,82
50479,26925,418,1,6,82
50480,27428,418,1,6,82
50481,27931,418,1,6,82
50483,27019,179,1,4,31
50484,27522,179,1,4,31
50485,28025,179,1,4,31
50487,26994,399,1,1,67
50488,27497,399,1,1,67
50489,28000,399,1,1,67
50491,27047,149,3,7,22
50492,27550,149,3,7,22
50493,28053,149,3,7,22
50495,27058,149,4,7,22
50496,27561,149,4,7,22
50497,28064,149,4,7,22
50499,27069,149,1,7,22
50500,27572,149,1,7,22
50501,28075,149,1,7,22
50503,27078,398,1,3,55
50504,27581,398,1,3,55
50505,28084,398,1,3,55
50507,27147,249,1,7,58
50508,27650,249,1,7,58
50509,28153,249,1,7,58
50511,27167,140,5,5,40
50512,27670,140,5,5,40
50513,28173,140,5,5,40
50515,27173,140,1,5,40
50516,27676,140,1,5,40
50517,28179,140,1,5,40
50519,27179,140,3,5,40
50520,27682,140,3,5,40
50521,28185,140,3,5,40
50523,27185,140,2,5,40
50524,27688,140,2,5,40
50525,28191,140,2,5,40
50527,27191,140,4,5,40
50528,27694,140,4,5,40
50529,28197,140,4,5,40
50531,27199,1,168,2,1
50532,27702,1,168,2,1
50533,28205,1,168,2,1
50535,27209,1,136,2,1
50536,27712,1,136,2,1
50537,28215,1,136,2,1
50539,27219,1,68,2,1
50540,27722,1,68,2,1
50541,28225,1,68,2,1
50542,6073,1,134,2,1
50544,27733,1,134,2,1
50545,28236,1,134,2,1
50546,27239,1,182,2,1
50547,27742,1,182,2,1
50548,28245,1,182,2,1
50550,27256,141,2,4,24
50551,27759,141,2,4,24
50552,28262,141,2,4,24
50554,27265,141,9,4,24
50555,27768,141,9,4,24
50556,28271,141,9,4,24
50558,27274,141,1,4,24
50559,27777,141,1,4,24
50560,28280,141,1,4,24
50562,27283,141,10,4,24
50563,27786,141,10,4,24
50564,28289,141,10,4,24
50566,27329,1,121,3,1
50567,27832,1,121,3,1
50568,28335,1,121,3,1
50570,27374,230,2,2,50
50571,27877,230,2,2,50
50572,28380,230,2,2,50
50574,27380,230,3,2,50
50575,27883,230,3,2,50
50576,28386,230,3,2,50
50578,27386,230,4,2,50
50579,27889,230,4,2,50
50580,28392,230,4,2,50
50582,27392,230,1,2,50
50583,27895,230,1,2,50
50584,28398,230,1,2,50
50586,27398,230,5,2,50
50587,27901,230,5,2,50
50588,28404,230,5,2,50
96194,27892,230,1,2,50
96195,27501,179,2,4,31
96196,27569,149,1,7,22
96197,27620,1,67,1,1
96198,27420,418,5,6,82
96199,27647,249,1,7,58
96200,27756,141,2,4,24
96201,27600,1,170,1,1
96202,28817,147,5,17,14
96203,12929,172,169,17,
96204,12893,172,168,14,
96205,28817,147,5,17,14
96206,27494,399,1,1,67
96207,28164,249,3,7,58
96208,28088,398,2,3,55
96209,28050,149,3,7,22
96218,27873,230,2,2,50
96219,27684,140,2,5,40
96220,27773,141,1,4,24
96221,27828,1,121,3,1
96226,27653,249,2,7,58
96227,27592,398,3,3,55
96228,27518,179,1,4,31
96229,27654,249,2,7,58
96230,27578,398,1,3,55
96231,27838,1,66,3,1
96232,27699,1,168,2,1
96240,27630,1,133,1,1
96244,27816,1,147,3,1
96259,27739,1,182,2,1
96267,27500,179,2,4,31
96268,27691,140,4,5,40
96269,27848,1,177,15,23
96270,27592,398,3,3,55
96271,27518,179,1,4,31
96275,28030,179,4,4,31
96282,27885,230,4,2,50
96290,27500,179,2,4,31
96297,27485,399,5,1,67
96313,28400,230,5,2,50
96314,27619,1,67,1,1
96315,27535,149,5,7,22
96316,27463,141,7,3,24
96324,27507,179,3,4,31
96328,27499,179,2,4,31
96329,27447,141,5,3,24
96330,27578,398,1,3,55
96331,27653,249,2,7,58
96332,27470,399,2,1,67
96333,27672,140,1,5,40
96334,27858,1,129,15,23
96335,27591,398,3,3,55
96336,27527,179,4,4,31
96349,27665,140,5,5,40
96350,27483,399,5,1,67
96351,27499,179,2,4,31
96352,27798,1,122,3,1
96360,27884,230,4,2,50
96361,27672,140,1,5,40
96362,27652,249,2,7,58
96363,27483,399,5,1,67
96364,27890,230,1,2,50
96365,27847,1,177,15,23
96366,27476,399,4,1,67
96367,27738,1,182,2,1
96368,27885,230,4,2,50
96369,27493,399,1,1,67
96370,27698,1,168,2,1
96371,27557,149,4,7,22
96379,27412,418,4,6,82
96380,27678,140,3,5,40
96381,27493,399,1,1,67
96386,27645,249,1,7,58
96387,27577,398,1,3,55
96388,27534,149,5,7,22
96389,27729,1,134,2,1
96394,27683,140,2,5,40
96395,27698,1,168,2,1
96396,27577,398,1,3,55
96397,27629,1,133,1,1
96398,28266,141,9,4,24
96399,28080,398,1,3,55
96400,28156,249,2,7,58
96401,27987,399,5,1,67
96402,27484,399,5,1,67
96403,27577,398,1,3,55
96404,27763,141,9,4,24
96405,27499,179,2,4,31
96414,27874,230,2,2,50
96415,27425,418,1,6,82
96416,27456,141,6,3,24
96417,27501,179,2,4,31
96418,27880,230,3,2,50
96419,27494,399,1,1,67
96420,27838,1,66,3,1
96421,27456,141,6,3,24
96912,28803,147,1,17,14
96915,27050,149,4,7,22
96916,27275,141,10,4,24
96918,27201,1,136,2,1
96921,27565,149,1,7,22
96924,27122,1,133,1,1
96925,27554,149,4,7,22
96932,27482,399,5,1,67
96934,28813,147,5,17,14
96940,27049,149,4,7,22
96944,28722,198,3,14,14
96950,28148,249,1,7,58
96952,27020,179,4,4,31
96953,27021,179,4,4,31
96954,28161,249,3,7,58
96961,27320,1,121,3,1
96970,27029,149,5,7,22
96973,27192,1,168,2,1
96983,27071,398,1,3,55
96984,26948,141,6,3,24
96989,28246,141,8,4,24
96990,27524,179,4,4,31
96992,28801,147,1,17,14
96994,28283,141,10,4,24
96995,12766,258,14,14,14
96997,28740,147,1,17,14
96998,27038,149,3,7,22
97001,27589,398,3,3,55
97004,12761,258,14,14,14
97006,26987,399,1,1,67
97008,25832,172,168,14,
97009,27566,149,1,7,22
97011,27011,179,1,4,31
97014,28783,198,3,14,14
97017,27285,1,185,3,1
97022,27726,1,134,2,1
97023,25831,172,168,14,
97024,27308,1,147,3,1
97026,27321,1,121,3,1
97028,28811,147,5,17,14
97031,27319,1,121,3,1
97034,27444,141,5,3,24
97037,25830,172,168,14,
97038,27122,1,133,1,1
97042,26926,141,3,3,24
97043,27221,1,134,2,1
97045,27111,1,67,1,1
97046,27201,1,136,2,1
97054,28773,198,1,14,14
97055,27131,1,181,1,1
97056,27284,1,185,3,1
97060,28220,1,68,2,1
97089,27643,249,1,7,58
97091,27753,141,2,4,24
97092,26986,399,1,1,67
97096,27985,399,5,1,67
97098,27139,249,1,7,58
97099,27994,399,1,1,67
97100,28147,249,1,7,58
97102,27011,179,1,4,31
97104,27020,179,4,4,31
97107,27140,249,1,7,58
97110,27211,1,68,2,1
97114,27728,1,134,2,1
97116,27202,1,136,2,1
97119,27727,1,134,2,1
97120,27826,1,121,3,1
97121,27715,1,68,2,1
97122,27331,1,66,3,1
97124,28130,1,133,1,1
97125,28200,1,168,2,1
97127,28139,1,181,1,1
97130,27805,1,123,3,1
97140,27050,149,4,7,22
97141,27248,141,2,4,24
97147,28029,179,4,4,31
97150,27956,141,6,3,24
97157,28058,149,4,7,22
97161,27009,179,1,4,31
97162,27037,149,3,7,22
97165,27101,1,135,1,1
97168,27011,179,1,4,31
97170,27011,179,1,4,31
97172,27515,179,1,4,31
97173,27515,179,1,4,31
97178,27542,149,3,7,22
97179,28001,179,2,4,31
97180,27051,149,4,7,22
97181,27012,179,1,4,31
97182,27582,398,2,3,55
97185,27574,398,1,3,55
97187,26964,399,2,1,67
97189,27948,141,5,3,24
97190,27948,141,5,3,24
97192,27525,179,4,4,31
97193,26926,141,3,3,24
97194,27459,141,7,3,24
97196,27467,399,2,1,67
97197,27467,399,2,1,67
97198,27467,399,2,1,67
97199,27467,399,2,1,67
97200,27467,399,2,1,67
97201,27467,399,2,1,67
97202,27467,399,2,1,67
97203,27468,399,2,1,67
97204,27469,399,2,1,67
97205,27475,399,4,1,67
97206,27476,399,4,1,67
97207,27985,399,5,1,67
97208,27483,399,5,1,67
97209,27986,399,5,1,67
97210,27489,399,1,1,67
97211,27489,399,1,1,67
97212,27489,399,1,1,67
97213,27490,399,1,1,67
97214,27490,399,1,1,67
97215,27490,399,1,1,67
97216,27490,399,1,1,67
97217,27490,399,1,1,67
97218,27490,399,1,1,67
97219,27994,399,1,1,67
97220,27491,399,1,1,67
97222,27532,149,5,7,22
97223,27021,179,4,4,31
97224,27644,249,1,7,58
97225,27659,249,3,7,58
97229,27543,149,3,7,22
97230,27140,249,1,7,58
97232,27476,399,4,1,67
97237,27139,249,1,7,58
97238,26926,141,3,3,24
97239,27482,399,5,1,67
97241,27659,249,3,7,58
97245,27122,1,133,1,1
97246,26948,141,6,3,24
97249,28154,249,2,7,58
97250,27451,141,6,3,24
97251,27070,398,1,3,55
97252,27071,398,1,3,55
97253,27071,398,1,3,55
97254,27071,398,1,3,55
97255,27020,179,4,4,31
97256,27062,149,1,7,22
97257,27574,398,1,3,55
97258,27515,179,1,4,31
97259,27574,398,1,3,55
97260,27574,398,1,3,55
97261,27029,149,5,7,22
97262,27574,398,1,3,55
97263,27532,149,5,7,22
97264,27770,141,1,4,24
97266,28078,398,1,3,55
97267,28036,149,5,7,22
97268,27576,398,1,3,55
97270,28093,398,3,3,55
97271,28804,147,1,17,14
97274,27492,399,1,1,67
97276,27210,1,68,2,1
97277,27222,1,134,2,1
97279,27605,1,135,1,1
97280,27331,1,66,3,1
97283,27110,1,67,1,1
97287,27617,1,67,1,1
97288,27623,1,133,1,1
97289,27121,1,133,1,1
97291,27625,1,133,1,1
97292,26956,141,7,3,24
97294,27627,1,133,1,1
97295,28146,249,1,7,58
97296,27634,1,181,1,1
97298,27635,1,181,1,1
97299,27597,1,170,1,1
97300,27201,1,136,2,1
97303,27642,249,1,7,58
97304,26964,399,2,1,67
97305,27789,1,185,3,1
97306,27825,1,121,3,1
97307,27140,249,1,7,58
97308,27643,249,1,7,58
97309,27310,1,147,3,1
97310,27643,249,1,7,58
97312,27643,249,1,7,58
97313,27605,1,135,1,1
97316,27696,1,168,2,1
97317,28784,198,3,14,14
97319,27617,1,67,1,1
97320,27805,1,123,3,1
97322,28161,249,3,7,58
97323,27659,249,3,7,58
97325,27695,1,168,2,1
97328,25828,258,14,14,14
97330,27705,1,136,2,1
97332,27607,1,135,1,1
97333,27221,1,134,2,1
97334,27210,1,68,2,1
97335,27020,179,4,4,31
97336,27715,1,68,2,1
97337,27715,1,68,2,1
97338,27797,1,122,3,1
97339,28220,1,68,2,1
97340,27220,1,134,2,1
97341,27221,1,134,2,1
97342,27221,1,134,2,1
97343,27725,1,134,2,1
97345,27726,1,134,2,1
97346,28230,1,134,2,1
97347,27039,149,3,7,22
97348,27734,1,182,2,1
97350,27322,1,121,3,1
97351,27736,1,182,2,1
97354,27751,141,2,4,24
97356,27753,141,2,4,24
97358,27475,399,4,1,67
97359,27248,141,2,4,24
97360,27770,141,1,4,24
97362,27266,141,1,4,24
97363,27778,141,10,4,24
97365,28720,198,3,14,14
97369,27321,1,121,3,1
97370,27212,1,68,2,1
97371,27947,141,5,3,24
97372,27789,1,185,3,1
97374,27308,1,147,3,1
97375,27308,1,147,3,1
97376,27308,1,147,3,1
97377,27813,1,147,3,1
97378,27616,1,67,1,1
97379,27814,1,147,3,1
97380,27110,1,67,1,1
97381,27320,1,121,3,1
97382,27824,1,121,3,1
97383,27825,1,121,3,1
97384,28328,1,121,3,1
97385,27827,1,121,3,1
97387,27834,1,66,3,1
97388,27310,1,147,3,1
97499,25544,1,255,8,
97500,25545,141,11,8,
97501,25546,1,261,8,
110834,25827,258,14,14,14
110835,25828,258,14,14,14
110836,25829,172,168,14,
110837,25830,172,168,14,
110838,25831,172,168,14,
110839,25832,172,168,14,
110840,25833,172,168,14,
110841,25844,147,5,17,14
110842,25845,147,5,17,14
110843,25846,147,5,17,14
110844,25847,147,5,17,14
110845,25848,147,5,17,14
110846,25849,147,5,17,14
110847,25850,147,5,17,14
110848,25851,147,5,17,14
110849,25852,147,5,17,14
110850,25853,147,5,17,14
110851,25844,147,5,17,14
110852,25845,147,5,17,14
110853,25846,147,5,17,14
110854,25847,147,5,17,14
110855,25848,147,5,17,14
110856,25849,147,5,17,14
110857,25850,147,5,17,14
110858,25851,147,5,17,14
110859,25852,147,5,17,14
110860,25853,147,5,17,14
110861,25865,198,3,14,14
110862,25866,198,3,14,14
110863,25867,198,3,14,14
110864,25868,198,3,14,14
110865,25869,198,3,14,14
110866,25870,198,3,14,14
110867,25871,198,3,14,14
110868,25872,198,3,14,14
110869,25873,198,3,14,14
110870,25874,198,3,14,14
110871,25865,198,3,14,14
110872,25866,198,3,14,14
110873,25867,198,3,14,14
110874,25868,198,3,14,14
110875,25869,198,3,14,14
110876,25870,198,3,14,14
110877,25871,198,3,14,14
110878,25872,198,3,14,14
110879,25873,198,3,14,14
110880,25874,198,3,14,14
110881,25875,172,169,17,
110882,25876,172,169,17,
111160,27318,1,121,3,1
111200,27621,1,67,1,1
111318,26687,1,262,8,
115549,27668,140,5,5,40
115550,27631,1,133,1,1
115551,27784,141,10,4,24
115552,27801,1,122,3,1
115555,27686,140,2,5,40
115556,27648,249,1,7,58
115557,27586,398,2,3,55
115558,27794,1,185,3,1
115562,12898,172,168,14,
115563,12791,258,14,14,14
115564,28788,198,3,14,14
115565,28808,147,1,17,14
115575,27408,418,3,6,82
115576,27860,1,129,15,23
115577,27748,141,8,4,24
115578,27621,1,67,1,1
115586,27402,418,2,6,82
115587,27844,1,105,15,23
115588,27495,399,1,1,67
115589,27529,179,4,4,31
115590,27472,399,2,1,67
115591,27648,249,1,7,58
115592,27579,398,1,3,55
115593,27434,141,3,3,24
115596,27409,418,3,6,82
115597,27686,140,2,5,40
115598,27472,399,2,1,67
115599,27509,179,3,4,31
115605,27579,398,1,3,55
115606,27449,141,5,3,24
115607,27818,1,147,3,1
115608,27710,1,136,2,1
115623,28008,179,3,4,31
115624,27597,1,170,1,1
115628,27716,1,68,2,1
115629,27555,149,4,7,22
115631,27658,249,3,7,58
115638,27426,418,1,6,82
115639,27654,249,2,7,58
115640,27434,141,3,3,24
115641,27829,1,121,3,1
115652,27123,1,133,1,1
115662,27061,149,1,7,22
115673,27010,179,1,4,31
115675,27769,141,1,4,24
115682,27634,1,181,1,1
115687,27101,1,135,1,1
115688,27111,1,67,1,1
115691,27232,1,182,2,1
115696,27425,418,1,6,82
115697,27485,399,5,1,67
115698,27730,1,134,2,1
115699,27609,1,135,1,1
115700,27880,230,3,2,50
115701,27843,1,105,15,23
115702,27661,249,3,7,58
115703,27800,1,122,3,1
115708,28383,230,3,2,50
115709,28371,1,186,15,23
115710,28150,249,1,7,58
115711,28031,179,4,4,31
115720,27419,418,5,6,82
115721,27981,399,4,1,67
115722,27536,149,5,7,22
115723,28310,1,123,3,1
115724,27916,418,4,6,82
115725,27800,1,122,3,1
115726,27456,141,6,3,24
115727,27709,1,136,2,1
115732,27518,179,1,4,31
115733,27569,149,1,7,22
115734,27569,149,1,7,22
115735,27619,1,67,1,1
115736,27679,140,3,5,40
115737,27447,141,5,3,24
115738,27592,398,3,3,55
115739,27508,179,3,4,31
115744,27401,418,2,6,82
115745,27471,399,2,1,67
115746,27654,249,2,7,58
115747,27440,141,4,3,24
115752,27638,1,181,1,1
115753,27829,1,121,3,1
115754,27547,149,3,7,22
115755,27709,1,136,2,1
115756,27844,1,105,15,23
115757,27774,141,1,4,24
115758,27719,1,68,2,1
115759,27639,1,181,1,1
115760,27401,418,2,6,82
115761,27774,141,1,4,24
115762,27440,141,4,3,24
115763,27756,141,2,4,24
115768,27892,230,1,2,50
115769,27647,249,1,7,58
115770,27755,141,2,4,24
115771,27719,1,68,2,1
115780,27910,418,3,6,82
115781,27974,399,2,1,67
115782,28022,179,1,4,31
115783,28061,149,4,7,22
115792,27455,141,6,3,24
115793,27578,398,1,3,55
115794,27527,179,4,4,31
115795,27793,1,185,3,1
115796,28777,198,1,14,14
115797,12786,258,14,14,14
115798,28787,198,3,14,14
115799,28787,198,3,14,14
115808,27860,1,129,15,23
115809,27648,249,1,7,58
115810,27587,398,2,3,55
115811,27701,1,168,2,1
115812,27930,418,1,6,82
115813,27675,140,1,5,40
115814,27990,399,5,1,67
115815,28305,1,122,3,1
115820,28384,230,3,2,50
115821,28172,140,5,5,40
115822,28358,1,128,15,23
115823,27611,1,135,1,1
115828,27662,249,3,7,58
115829,27570,149,1,7,22
115830,27502,179,2,4,31
115831,27548,149,3,7,22
115836,27680,140,3,5,40
115837,27757,141,2,4,24
115838,27632,1,133,1,1
115839,27808,1,123,3,1
115840,28391,230,4,2,50
115841,27968,141,7,3,24
115842,28023,179,1,4,31
115843,28063,149,4,7,22
115848,27894,230,1,2,50
115849,28269,141,9,4,24
115850,27435,141,3,3,24
115851,28235,1,134,2,1
115860,27850,1,177,15,23
115861,27480,399,4,1,67
115862,27580,398,1,3,55
115863,27831,1,121,3,1
115864,27330,1,66,3,1
115867,28710,198,1,14,14
115870,27460,141,7,3,24
115871,28307,1,123,3,1
115872,28773,198,1,14,14
115873,28813,147,5,17,14
115874,27643,249,1,7,58
115875,27589,398,3,3,55
115876,27606,1,135,1,1
115877,27467,399,2,1,67
115878,27543,149,3,7,22
115879,27726,1,134,2,1
115884,27886,230,4,2,50
115885,27661,249,3,7,58
115886,27764,141,9,4,24
115887,27507,179,3,4,31
115892,27916,418,4,6,82
115893,28242,1,182,2,1
115894,27599,1,170,1,1
115895,27936,141,3,3,24
115900,27681,140,3,5,40
115901,27795,1,185,3,1
115902,27538,149,5,7,22
115903,27711,1,136,2,1
115904,28349,1,105,15,23
115905,28014,179,3,4,31
115906,27550,149,3,7,22
115907,27722,1,68,2,1
115912,28879,147,5,17,14
115913,28879,147,5,17,14
115914,12903,172,168,14,
115915,28789,198,3,14,14
115920,27919,418,4,6,82
115921,27946,141,4,3,24
115922,28153,249,1,7,58
115923,28253,141,8,4,24
115924,27861,1,129,15,23
115925,28179,140,1,5,40
115926,27759,141,2,4,24
115927,28064,149,4,7,22
115936,28386,230,3,2,50
115937,27664,249,3,7,58
115938,27458,141,6,3,24
115939,27820,1,147,3,1
115940,27421,418,5,6,82
115941,28196,140,4,5,40
115942,27784,141,10,4,24
115943,28124,1,67,1,1
115944,27410,418,3,6,82
115945,27670,140,5,5,40
115946,27768,141,9,4,24
115947,27602,1,170,1,1
115952,27473,399,2,1,67
115953,27594,398,3,3,55
115954,27403,418,2,6,82
115955,27571,149,1,7,22
115956,27931,418,1,6,82
115957,27588,398,2,3,55
115958,28344,1,66,3,1
115959,28245,1,182,2,1
115960,12796,258,14,14,14
115961,28779,198,1,14,14
115962,28869,147,1,17,14
115967,27422,418,5,6,82
115968,27488,399,5,1,67
115969,28160,249,2,7,58
115970,27436,141,3,3,24
115983,28398,230,1,2,50
115984,27969,141,7,3,24
115985,28280,141,1,4,24
115986,28136,1,133,1,1
115987,27889,230,4,2,50
115988,27688,140,2,5,40
115989,28042,149,5,7,22
115990,28205,1,168,2,1
115991,27900,230,5,2,50
115992,27870,1,186,15,23
115993,27656,249,2,7,58
115994,27640,1,181,1,1
115995,27650,249,1,7,58
115996,28084,398,1,3,55
115997,27504,179,2,4,31
115998,28313,1,123,3,1
116004,27815,1,147,3,1
116006,27576,398,1,3,55
116008,27468,399,2,1,67
116009,27744,141,8,4,24
116010,27737,1,182,2,1
116011,27790,1,185,3,1
116014,28256,141,2,4,24
116016,27438,141,4,3,24
116018,27651,249,2,7,58
116019,28283,141,10,4,24
116022,27453,141,6,3,24
116024,27506,179,3,4,31
116025,28048,149,3,7,22
116030,27972,399,2,1,67
116031,28283,141,10,4,24
116033,27740,1,182,2,1
116034,27464,141,7,3,24
116035,27528,179,4,4,31
116036,27536,149,5,7,22
116063,27568,149,1,7,22
116067,27886,230,4,2,50
116068,27661,249,3,7,58
116069,27569,149,1,7,22
116070,27793,1,185,3,1
116073,27854,1,128,15,23
116074,27593,398,3,3,55
116075,27519,179,1,4,31
116076,27620,1,67,1,1
116081,27686,140,2,5,40
116082,27495,399,1,1,67
116083,27655,249,2,7,58
116084,27593,398,3,3,55
116089,27472,399,2,1,67
116090,27808,1,123,3,1
116091,27765,141,9,4,24
116092,27710,1,136,2,1
116093,28378,230,2,2,50
116094,27975,399,2,1,67
116095,28234,1,134,2,1
116096,28113,1,135,1,1
116097,27892,230,1,2,50
116098,27849,1,177,15,23
116099,27639,1,181,1,1
116100,27434,141,3,3,24
116105,27402,418,2,6,82
116106,27654,249,2,7,58
116107,27720,1,68,2,1
116108,27558,149,4,7,22
116121,27886,230,4,2,50
116122,27864,1,132,15,23
116123,27528,179,4,4,31
116124,27801,1,122,3,1
116125,27668,140,5,5,40
116126,27486,399,5,1,67
116127,28089,398,2,3,55
116128,27600,1,170,1,1
116133,27911,418,3,6,82
116134,28259,141,2,4,24
116135,27951,141,5,3,24
116136,28321,1,147,3,1
116145,27899,230,5,2,50
116146,28195,140,4,5,40
116147,28151,249,1,7,58
116148,28123,1,67,1,1
116149,27485,399,5,1,67
116150,28268,141,9,4,24
116151,27547,149,3,7,22
116152,28134,1,133,1,1
116153,27647,249,1,7,58
116154,27579,398,1,3,55
116155,28286,141,10,4,24
116156,27536,149,5,7,22
116161,28347,1,105,15,23
116162,27982,399,4,1,67
116163,27830,1,121,3,1
116164,27740,1,182,2,1
116165,27674,140,1,5,40
116166,27586,398,2,3,55
116167,27508,179,3,4,31
116168,27710,1,136,2,1
116169,27859,1,129,15,23
116170,27839,1,66,3,1
116171,27501,179,2,4,31
116172,27548,149,3,7,22
116177,28357,1,128,15,23
116178,27989,399,5,1,67
116179,28082,398,1,3,55
116180,28142,1,181,1,1
116189,27929,418,1,6,82
116190,28311,1,123,3,1
116191,28062,149,4,7,22
116192,28223,1,68,2,1
116197,28377,230,2,2,50
116198,27981,399,4,1,67
116199,27448,141,5,3,24
116200,28061,149,4,7,22
116204,28176,140,1,5,40
116205,28203,1,168,2,1
116206,28011,179,3,4,31
116207,28039,149,5,7,22
116216,27414,418,4,6,82
116217,28203,1,168,2,1
116218,28072,149,1,7,22
116219,28134,1,133,1,1
116220,27774,141,1,4,24
116221,27661,249,3,7,58
116222,27464,141,7,3,24
116223,27794,1,185,3,1
116228,27885,230,4,2,50
116229,27910,418,3,6,82
116230,27943,141,4,3,24
116231,27527,179,4,4,31
116235,28049,149,3,7,22
116247,28320,1,147,3,1
116255,27557,149,4,7,22
116295,27807,1,123,3,1
116315,27746,141,8,4,24
116320,28778,198,1,14,14
116321,28818,147,5,17,14
116322,28788,198,3,14,14
116323,27893,230,1,2,50
116324,27686,140,2,5,40
116325,27700,1,168,2,1
116326,27680,140,3,5,40
116330,27414,418,4,6,82
116331,27692,140,4,5,40
116332,27662,249,3,7,58
116333,27509,179,3,4,31
116338,27876,230,2,2,50
116339,27496,399,1,1,67
116340,27449,141,5,3,24
116341,27529,179,4,4,31
116342,26964,399,2,1,67
116351,27437,141,4,3,24
116352,27524,179,4,4,31
116353,27705,1,136,2,1
116357,27490,399,1,1,67
116358,27735,1,182,2,1
116359,27249,141,2,4,24
116360,27751,141,2,4,24
116361,27574,398,1,3,55
116362,27615,1,67,1,1
116379,27690,140,4,5,40
116380,27477,399,4,1,67
116381,27646,249,1,7,58
116382,27546,149,3,7,22
116399,27879,230,3,2,50
116400,27598,1,170,1,1
116401,27660,249,3,7,58
116402,27837,1,66,3,1
116414,27526,179,4,4,31
116427,27857,1,129,15,23
116428,27806,1,123,3,1
116429,27454,141,6,3,24
116430,27568,149,1,7,22
116435,27584,398,2,3,55
116436,27666,140,5,5,40
116437,27792,1,185,3,1
116438,27517,179,1,4,31
116455,27423,418,1,6,82
116456,27798,1,122,3,1
116457,27484,399,5,1,67
116458,27842,1,105,15,23
116459,27406,418,3,6,82
116460,28355,1,128,15,23
116461,28156,249,2,7,58
116462,27506,179,3,4,31
116463,27418,418,5,6,82
116464,27867,1,186,15,23
116465,27492,399,1,1,67
116466,27462,141,7,3,24
116471,27690,140,4,5,40
116472,27470,399,2,1,67
116473,27660,249,3,7,58
116474,27792,1,185,3,1
116475,28786,198,3,14,14
116476,12888,172,168,14,
116477,28806,147,1,17,14
116482,27418,418,5,6,82
116483,27842,1,105,15,23
116484,27518,179,1,4,31
116485,27799,1,122,3,1
116490,27848,1,177,15,23
116491,27447,141,5,3,24
116492,27577,398,1,3,55
116493,27638,1,181,1,1
116498,27928,418,1,6,82
116499,28285,141,10,4,24
116500,27507,179,3,4,31
116501,27837,1,66,3,1
116518,27426,418,1,6,82
116519,27855,1,128,15,23
116520,27662,249,3,7,58
116521,27775,141,1,4,24
116523,27893,230,1,2,50
116524,27850,1,177,15,23
116525,27479,399,4,1,67
116526,27502,179,2,4,31
116529,27891,230,1,2,50
116530,27684,140,2,5,40
116531,27500,179,2,4,31
116532,27718,1,68,2,1
116541,27891,230,1,2,50
116542,27862,1,132,15,23
116543,27470,399,2,1,67
116544,27738,1,182,2,1
116545,27400,418,2,6,82
116546,27745,141,8,4,24
116547,27477,399,4,1,67
116548,27618,1,67,1,1
116549,27816,1,147,3,1
116550,27591,398,3,3,55
116551,27439,141,4,3,24
116552,27708,1,136,2,1
116557,27872,230,2,2,50
116558,27754,141,2,4,24
116559,27718,1,68,2,1
116560,27637,1,181,1,1
116561,26987,399,1,1,67
116562,27071,398,1,3,55
116563,27102,1,135,1,1
116564,28384,230,3,2,50
116565,27944,141,4,3,24
116566,27519,179,1,4,31
116567,27537,149,5,7,22
116568,27662,249,3,7,58
116569,27593,398,3,3,55
116570,27765,141,9,4,24
116571,27600,1,170,1,1
116572,27898,230,5,2,50
116573,27944,141,4,3,24
116574,27783,141,10,4,24
116575,28320,1,147,3,1
116580,27748,141,8,4,24
116581,27593,398,3,3,55
116582,27570,149,1,7,22
116583,27830,1,121,3,1
116589,27887,230,4,2,50
116590,27668,140,5,5,40
116591,27610,1,135,1,1
116592,27655,249,2,7,58
116593,27486,399,5,1,67
116594,27731,1,134,2,1
116595,27464,141,7,3,24
116596,27548,149,3,7,22
116605,28276,141,1,4,24
116606,28233,1,134,2,1
116607,28088,398,2,3,55
116608,27609,1,135,1,1
116609,27559,149,4,7,22
116610,27593,398,3,3,55
116611,27442,141,4,3,24
116612,27520,179,1,4,31
116613,27420,418,5,6,82
116614,27680,140,3,5,40
116615,27775,141,1,4,24
116616,27640,1,181,1,1
116617,27420,418,5,6,82
116618,27849,1,177,15,23
116619,27456,141,6,3,24
116620,27740,1,182,2,1
116624,27402,418,2,6,82
116625,27870,1,186,15,23
116626,27960,141,6,3,24
116627,27720,1,68,2,1
116635,27674,140,1,5,40
116636,27839,1,66,3,1
116637,28158,249,2,7,58
116638,27537,149,5,7,22
116639,27859,1,129,15,23
116640,27569,149,1,7,22
116641,27579,398,1,3,55
116642,27501,179,2,4,31
116646,27899,230,5,2,50
116647,27692,140,4,5,40
116648,27495,399,1,1,67
116649,27529,179,4,4,31
116655,27747,141,8,4,24
116656,27731,1,134,2,1
116657,27547,149,3,7,22
116658,27610,1,135,1,1
116659,27414,418,4,6,82
116660,27845,1,105,15,23
116661,27740,1,182,2,1
116662,27601,1,170,1,1
116663,27869,1,186,15,23
116664,27479,399,4,1,67
116665,27655,249,2,7,58
116666,27586,398,2,3,55
116668,27061,149,1,7,22
116671,27737,1,182,2,1
116672,27483,399,5,1,67
116674,27827,1,121,3,1
116681,27652,249,2,7,58
116682,27545,149,3,7,22
116685,27744,141,8,4,24
116688,27505,179,3,4,31
116692,27628,1,133,1,1
116697,27576,398,1,3,55
116699,27645,249,1,7,58
116701,27697,1,168,2,1
116702,27979,399,4,1,67
116706,27556,149,4,7,22
116707,28294,1,185,3,1
116713,27597,1,170,1,1
116714,27771,141,1,4,24
116715,27590,398,3,3,55
116716,27607,1,135,1,1
116721,28037,149,5,7,22
116723,28086,398,2,3,55
116724,28001,179,2,4,31
116725,27461,141,7,3,24
116726,27469,399,2,1,67
116727,27645,249,1,7,58
116730,28200,1,168,2,1
116734,28231,1,134,2,1
116735,27659,249,3,7,58
116740,27815,1,147,3,1
116741,27972,399,2,1,67
116742,27948,141,5,3,24
116746,27617,1,67,1,1
116747,27896,230,5,2,50
116748,27862,1,132,15,23
116752,27771,141,1,4,24
116753,27707,1,136,2,1
116755,27754,141,2,4,24
116756,28240,1,182,2,1
116758,27438,141,4,3,24
116761,27516,179,1,4,31
116762,28339,1,66,3,1
116764,27576,398,1,3,55
116766,12883,172,168,14,
116767,12776,258,14,14,14
116768,28815,147,5,17,14
116773,28155,249,2,7,58
116775,28139,1,181,1,1
116778,28274,141,1,4,24
116779,27483,399,5,1,67
116780,27567,149,1,7,22
116782,28155,249,2,7,58
116783,27556,149,4,7,22
116789,27453,141,6,3,24
116791,27979,399,4,1,67
116794,27498,179,2,4,31
116795,27533,149,5,7,22
116798,27590,398,3,3,55
116799,27717,1,68,2,1
116800,27645,249,1,7,58
116803,27492,399,1,1,67
116805,27431,141,3,3,24
116809,27583,398,2,3,55
116810,28814,147,5,17,14
116811,28774,198,1,14,14
116812,27797,1,122,3,1
116813,27461,141,7,3,24
116814,28209,1,136,2,1
116815,28078,398,1,3,55
116816,12771,258,14,14,14
116817,28256,141,2,4,24
116819,28092,398,3,3,55
116821,27658,249,3,7,58
116823,28239,1,182,2,1
116824,28154,249,2,7,58
116827,27948,141,5,3,24
116829,28139,1,181,1,1
116831,27430,141,3,3,24
116834,27515,179,1,4,31
116835,27596,1,170,1,1
116837,27955,141,6,3,24
116839,27582,398,2,3,55
116840,28317,1,147,3,1
116841,27468,399,2,1,67
116842,28068,149,1,7,22
116845,27575,398,1,3,55
116846,27835,1,66,3,1
116847,27994,399,1,1,67
116848,28256,141,2,4,24
116849,28307,1,123,3,1
116852,27438,141,4,3,24
116853,27516,179,1,4,31
116856,27582,398,2,3,55
116858,27716,1,68,2,1
116862,27762,141,9,4,24
116864,28131,1,133,1,1
116865,28814,147,5,17,14
116866,28774,198,1,14,14
116898,27400,418,2,6,82
116899,27666,140,5,5,40
116900,27729,1,134,2,1
116901,27608,1,135,1,1
116902,27424,418,1,6,82
116903,27867,1,186,15,23
116904,27432,141,3,3,24
116905,27629,1,133,1,1
116910,27689,140,4,5,40
116911,27659,249,3,7,58
116912,27591,398,3,3,55
116913,27827,1,121,3,1
116918,27469,399,2,1,67
116919,27608,1,135,1,1
116920,27584,398,2,3,55
116921,27781,141,10,4,24
116922,27048,149,4,7,22
116928,28720,198,3,14,14
116929,27121,1,133,1,1
116930,27100,1,135,1,1
116933,27836,1,66,3,1
116935,27566,149,1,7,22
116936,27617,1,67,1,1
116937,28811,147,5,17,14
116938,25827,258,14,14,14
116940,27516,179,1,4,31
116942,28722,198,3,14,14
116943,28752,147,5,17,14
116944,27492,399,1,1,67
116945,27461,141,7,3,24
116949,27707,1,136,2,1
116950,28750,147,5,17,14
116951,25829,172,168,14,
116983,12909,172,169,17,
116984,12939,172,169,17,
117001,12934,172,169,17,
117007,12924,172,169,17,
117023,12919,172,169,17,
117024,12914,172,169,17,
117025,12914,172,169,17,
117026,25875,172,169,17,
117027,12904,172,169,17,
117029,27594,398,3,3,55
117030,27785,141,10,4,24
117031,27538,149,5,7,22
117032,27741,1,182,2,1
117041,26709,1,224,13,
117045,28230,1,134,2,1
117049,27009,179,1,4,31
117050,27059,149,1,7,22
117055,27009,179,1,4,31
117056,27284,1,185,3,1
117057,27060,149,1,7,22
117061,27200,1,136,2,1
117065,28781,198,3,14,14
117066,28771,198,1,14,14
117067,27010,179,1,4,31
117069,27010,179,1,4,31
117073,27131,1,181,1,1
117081,27040,149,3,7,22
117082,27286,1,185,3,1
117086,27140,249,1,7,58
117087,27779,141,10,4,24
117088,27192,1,168,2,1
117092,27490,399,1,1,67
117093,27752,141,2,4,24
117094,27574,398,1,3,55
117099,27978,399,4,1,67
117100,28092,398,3,3,55
117102,28085,398,2,3,55
117103,28109,1,135,1,1
117105,28027,179,4,4,31
117106,28273,141,1,4,24
117111,27544,149,3,7,22
117112,27087,398,3,3,55
117113,27498,179,2,4,31
117114,27225,1,134,2,1
117116,27431,141,3,3,24
117119,27268,141,1,4,24
117120,27133,1,181,1,1
117122,27506,179,3,4,31
117123,27556,149,4,7,22
117125,26973,399,4,1,67
117126,27125,1,133,1,1
117129,28301,1,122,3,1
117130,27583,398,2,3,55
117131,27525,179,4,4,31
117133,27934,141,3,3,24
117140,27919,418,4,6,82
117141,27991,399,5,1,67
117142,28167,249,3,7,58
117143,28075,149,1,7,22
117148,28380,230,2,2,50
117149,27984,399,4,1,67
117150,28042,149,5,7,22
117151,28144,1,181,1,1
117156,28374,1,186,15,23
117157,28098,398,3,3,55
117158,28014,179,3,4,31
117159,28236,1,134,2,1
117164,27907,418,2,6,82
117165,28191,140,2,5,40
117166,27977,399,2,1,67
117167,28306,1,122,3,1
117191,26824,1,252,8,
117225,27746,141,8,4,24
117231,28136,1,133,1,1
117232,27991,399,5,1,67
117233,28173,140,5,5,40
117234,28398,230,1,2,50
117243,28225,1,68,2,1
117244,28153,249,1,7,58
117245,28374,1,186,15,23
117246,27925,418,5,6,82
117255,28245,1,182,2,1
117256,28879,147,5,17,14
117257,28191,140,2,5,40
117258,28392,230,4,2,50
117267,28323,1,147,3,1
117268,28007,179,2,4,31
117269,28349,1,105,15,23
117270,27907,418,2,6,82
118833,27103,1,135,1,1
118834,27012,179,1,4,31
118835,27072,398,1,3,55
118842,27203,1,136,2,1
118843,27140,249,1,7,58
118844,27051,149,4,7,22
118851,27310,1,147,3,1
118852,26987,399,1,1,67
118853,26927,141,3,3,24
118860,27113,1,67,1,1
118861,28713,198,1,14,14
118862,27240,141,8,4,24
118869,27233,1,182,2,1
118870,28743,147,1,17,14
118871,27072,398,1,3,55
118878,27331,1,66,3,1
118879,27021,179,4,4,31
118880,27029,149,5,7,22
118881,27132,1,181,1,1
118882,27140,249,1,7,58
118883,26957,141,7,3,24
118890,27213,1,68,2,1
118891,26964,399,2,1,67
118892,27249,141,2,4,24
119014,27091,398,3,3,55
119015,27067,149,1,7,22
119016,27145,249,1,7,58
119017,27218,1,68,2,1
119022,27305,1,123,3,1
119023,27083,398,2,3,55
119024,26954,141,6,3,24
119025,27006,179,3,4,31
119038,27091,398,3,3,55
119039,26932,141,3,3,24
119040,26999,179,2,4,31
119041,27208,1,136,2,1
119042,28718,198,1,14,14
119043,27337,1,66,3,1
119044,27378,230,3,2,50
119045,27190,140,4,5,40
119058,27152,249,2,7,58
119059,27291,1,185,3,1
119060,27056,149,4,7,22
119061,27084,398,2,3,55
119070,27076,398,1,3,55
119071,27159,249,3,7,58
119072,27118,1,67,1,1
119073,27067,149,1,7,22
119090,26993,399,1,1,67
119091,27045,149,3,7,22
119092,27108,1,135,1,1
119093,27272,141,1,4,24
119094,28758,147,5,17,14
119095,26899,418,2,6,82
119096,27137,1,181,1,1
119097,27357,1,129,15,23
119102,28728,198,3,14,14
119103,27396,230,5,2,50
119104,27098,1,170,1,1
119105,27183,140,2,5,40
119114,27808,1,123,3,1
119115,27587,398,2,3,55
119116,27457,141,6,3,24
119117,27509,179,3,4,31
119122,27580,398,1,3,55
119123,27662,249,3,7,58
119124,27621,1,67,1,1
119125,27570,149,1,7,22
119135,27431,141,3,3,24
119136,27706,1,136,2,1
119137,28783,198,3,14,14
119138,27697,1,168,2,1
119139,27534,149,5,7,22
119140,27498,179,2,4,31
119143,27464,141,7,3,24
119144,27501,179,2,4,31
119145,27586,398,2,3,55
119146,27801,1,122,3,1
119151,27558,149,4,7,22
119152,27579,398,1,3,55
119153,27620,1,67,1,1
119154,27661,249,3,7,58
119159,28787,198,3,14,14
119160,27692,140,4,5,40
119161,27731,1,134,2,1
119162,27880,230,3,2,50
119170,27516,179,1,4,31
119171,27716,1,68,2,1
119172,27566,149,1,7,22
119176,28813,147,5,17,14
119177,27437,141,4,3,24
119178,27797,1,122,3,1
119182,27434,141,3,3,24
119183,27508,179,3,4,31
119184,27579,398,1,3,55
119185,27631,1,133,1,1
119194,27569,149,1,7,22
119195,27593,398,3,3,55
119196,27647,249,1,7,58
119197,27720,1,68,2,1
119206,27123,1,133,1,1
119207,27321,1,121,3,1
119210,27558,149,4,7,22
119211,27586,398,2,3,55
119212,27654,249,2,7,58
119213,27838,1,66,3,1
119218,27523,179,4,4,31
119219,27564,149,1,7,22
119220,27634,1,181,1,1
119221,27705,1,136,2,1
119230,27102,1,135,1,1
119231,27232,1,182,2,1
119232,27201,1,136,2,1
119233,27330,1,66,3,1
119234,27020,179,4,4,31
119235,27050,149,4,7,22
119244,28721,198,3,14,14
119245,27231,1,182,2,1
119246,27020,179,4,4,31
119247,27039,149,3,7,22
119248,28742,147,1,17,14
119249,27211,1,68,2,1
119256,28722,198,3,14,14
119257,27286,1,185,3,1
119262,27471,399,2,1,67
119263,27536,149,5,7,22
119264,27700,1,168,2,1
119265,27765,141,9,4,24
119274,27011,179,1,4,31
119275,27050,149,4,7,22
119280,27101,1,135,1,1
119281,27285,1,185,3,1
119282,27111,1,67,1,1
119283,28711,198,1,14,14
119288,27514,179,1,4,31
119289,27543,149,3,7,22
119294,27715,1,68,2,1
119295,27825,1,121,3,1
119310,26930,141,3,3,24
119311,28746,147,1,17,14
119312,27236,1,182,2,1
119313,27340,1,105,15,23
119314,26931,141,3,3,24
119315,27005,179,3,4,31
119316,27076,398,1,3,55
119317,27128,1,133,1,1
119322,26937,141,4,3,24
119323,27016,179,1,4,31
119324,27082,398,2,3,55
119325,27290,1,185,3,1
119334,28727,198,3,14,14
119335,27097,1,170,1,1
119336,27164,140,5,5,40
119337,27383,230,4,2,50
119346,26968,399,2,1,67
119347,27033,149,5,7,22
119348,27196,1,168,2,1
119349,27262,141,9,4,24
119358,27066,149,1,7,22
119359,27075,398,1,3,55
119360,27116,1,67,1,1
119361,27158,249,3,7,58
119370,28726,198,3,14,14
119371,27170,140,1,5,40
119372,27227,1,134,2,1
119373,27389,230,1,2,50
119374,27066,149,1,7,22
119375,27090,398,3,3,55
119376,27144,249,1,7,58
119377,27217,1,68,2,1
119394,28717,198,1,14,14
119395,27182,140,2,5,40
119396,27304,1,123,3,1
119397,27395,230,5,2,50
119398,27402,418,2,6,82
119399,28817,147,5,17,14
119400,27829,1,121,3,1
119401,27854,1,128,15,23
119406,27486,399,5,1,67
119407,27547,149,3,7,22
119408,27610,1,135,1,1
119409,27783,141,10,4,24
119414,28728,198,3,14,14
119415,27229,1,134,2,1
119416,27373,230,2,2,50
119417,27178,140,3,5,40
119418,27328,1,121,3,1
119419,27026,179,4,4,31
119420,26946,141,5,3,24
119421,27084,398,2,3,55
119426,27118,1,67,1,1
119427,27159,249,3,7,58
119428,27057,149,4,7,22
119429,27077,398,1,3,55
119438,28748,147,1,17,14
119439,27362,1,132,15,23
119440,26912,418,4,6,82
119441,27238,1,182,2,1
119446,27254,141,2,4,24
119447,26970,399,2,1,67
119448,27035,149,5,7,22
119449,27306,1,123,3,1
119458,28758,147,5,17,14
119459,26932,141,3,3,24
119460,27347,1,177,15,23
119461,27137,1,181,1,1
119470,28818,147,5,17,14
119471,27403,418,2,6,82
119472,27640,1,181,1,1
119473,27860,1,129,15,23
119482,27091,398,3,3,55
119483,27006,179,3,4,31
119484,27208,1,136,2,1
119485,26939,141,4,3,24
119500,27514,179,1,4,31
119501,27553,149,4,7,22
119502,28812,147,5,17,14
119503,27626,1,133,1,1
119504,27595,398,3,3,55
119505,27436,141,3,3,24
119506,27504,179,2,4,31
119507,27712,1,136,2,1
119512,27657,249,2,7,58
119513,27796,1,185,3,1
119514,27561,149,4,7,22
119515,27588,398,2,3,55
119520,28789,198,3,14,14
119521,27901,230,5,2,50
119522,27602,1,170,1,1
119523,27688,140,2,5,40
119527,27706,1,136,2,1
119528,27643,249,1,7,58
119529,27582,398,2,3,55
119533,27770,141,1,4,24
119534,27482,399,5,1,67
119535,27825,1,121,3,1
119543,27786,141,10,4,24
119544,27702,1,168,2,1
119545,27481,399,4,1,67
119546,27539,149,5,7,22
119551,28776,198,1,14,14
119552,27679,140,3,5,40
119553,27800,1,122,3,1
119554,27873,230,2,2,50
119559,27440,141,4,3,24
119560,27519,179,1,4,31
119561,27585,398,2,3,55
119562,27793,1,185,3,1
119563,28786,198,3,14,14
119564,27673,140,1,5,40
119565,27730,1,134,2,1
119566,27892,230,1,2,50
119567,27078,398,1,3,55
119568,27130,1,133,1,1
119569,27001,179,2,4,31
119570,26955,141,6,3,24
119571,28729,198,3,14,14
119572,27173,140,1,5,40
119573,27099,1,170,1,1
119574,27392,230,1,2,50
119583,27219,1,68,2,1
119584,27147,249,1,7,58
119585,27092,398,3,3,55
119586,27058,149,4,7,22
119599,28719,198,1,14,14
119600,27167,140,5,5,40
119601,27386,230,4,2,50
119602,27317,1,147,3,1
119603,27299,1,122,3,1
119604,27084,398,2,3,55
119605,27153,249,2,7,58
119606,27068,149,1,7,22
119607,27047,149,3,7,22
119608,27247,141,8,4,24
119609,26985,399,5,1,67
119610,27199,1,168,2,1
119619,28819,147,5,17,14
119620,27856,1,128,15,23
119621,27416,418,4,6,82
119622,27820,1,147,3,1
119627,27109,1,135,1,1
119628,27265,141,9,4,24
119629,26978,399,4,1,67
119630,27036,149,5,7,22
119635,28759,147,5,17,14
119636,26925,418,1,6,82
119637,27293,1,185,3,1
119638,27368,1,186,15,23
119643,28749,147,1,17,14
119644,27239,1,182,2,1
119645,27343,1,105,15,23
119646,26901,418,2,6,82
119651,27338,1,66,3,1
119652,27019,179,1,4,31
119653,27085,398,2,3,55
119654,26933,141,3,3,24
119675,27581,398,1,3,55
119676,27633,1,133,1,1
119677,27466,141,7,3,24
119678,27522,179,1,4,31
119683,27595,398,3,3,55
119684,27572,149,1,7,22
119685,27650,249,1,7,58
119686,27722,1,68,2,1
119691,28779,198,1,14,14
119692,27841,1,66,3,1
119693,27883,230,3,2,50
119694,27694,140,4,5,40
119699,27497,399,1,1,67
119700,27550,149,3,7,22
119701,27612,1,135,1,1
119702,27777,141,1,4,24
119707,28809,147,1,17,14
119708,27866,1,132,15,23
119709,27404,418,2,6,82
119710,27742,1,182,2,1
119715,27832,1,121,3,1
119716,27531,179,4,4,31
119717,27450,141,5,3,24
119718,27588,398,2,3,55
119726,27312,1,147,3,1
119727,27259,141,9,4,24
119728,26966,399,2,1,67
119735,27225,1,134,2,1
119736,27080,398,2,3,55
119737,27148,249,2,7,58
119741,26980,399,5,1,67
119742,27094,1,170,1,1
119743,27278,141,10,4,24
119747,27194,1,168,2,1
119748,27031,149,5,7,22
119749,26995,179,2,4,31
119756,26980,399,5,1,67
119758,27260,141,9,4,24
119760,27194,1,168,2,1
119762,27053,149,4,7,22
119763,27002,179,3,4,31
119764,27133,1,181,1,1
119771,26995,179,2,4,31
119772,27031,149,5,7,22
119773,27333,1,66,3,1
119777,28754,147,5,17,14
119778,27324,1,121,3,1
119779,26958,141,7,3,24
119783,27125,1,133,1,1
119784,27156,249,3,7,58
119785,27087,398,3,3,55
119789,28777,198,1,14,14
119790,27686,140,2,5,40
119791,27808,1,123,3,1
119792,27898,230,5,2,50
119793,28787,198,3,14,14
119794,27600,1,170,1,1
119795,27667,140,5,5,40
119796,27886,230,4,2,50
119797,27414,418,4,6,82
119798,28807,147,1,17,14
119799,27740,1,182,2,1
119800,27864,1,132,15,23
119805,28786,198,3,14,14
119806,27599,1,170,1,1
119807,27690,140,4,5,40
119808,27879,230,3,2,50
119809,27568,149,1,7,22
119810,27584,398,2,3,55
119811,27653,249,2,7,58
119812,27828,1,121,3,1
119813,27484,399,5,1,67
119814,27546,149,3,7,22
119815,27699,1,168,2,1
119816,27773,141,1,4,24
119821,27407,418,3,6,82
119822,28816,147,5,17,14
119823,27807,1,123,3,1
119824,27868,1,186,15,23
119833,26983,399,5,1,67
119834,27044,149,3,7,22
119835,27107,1,135,1,1
119836,27280,141,10,4,24
119845,27408,418,3,6,82
119846,28817,147,5,17,14
119847,27639,1,181,1,1
119848,27849,1,177,15,23
119853,27479,399,4,1,67
119854,27537,149,5,7,22
119855,27774,141,1,4,24
119856,27794,1,185,3,1
119861,26992,399,1,1,67
119862,27254,141,2,4,24
119863,27197,1,168,2,1
119864,27045,149,3,7,22
119865,26976,399,4,1,67
119866,27034,149,5,7,22
119867,27271,141,1,4,24
119868,27291,1,185,3,1
119881,26911,418,4,6,82
119882,28757,147,5,17,14
119883,27136,1,181,1,1
119884,27346,1,177,15,23
119889,26945,141,5,3,24
119890,27016,179,1,4,31
119891,27090,398,3,3,55
119892,27207,1,136,2,1
119897,28757,147,5,17,14
119898,27366,1,186,15,23
119899,27336,1,66,3,1
119900,26931,141,3,3,24
119913,26917,418,5,6,82
119914,28747,147,1,17,14
119915,27237,1,182,2,1
119916,27361,1,132,15,23
119921,27067,149,1,7,22
119922,27083,398,2,3,55
119923,27152,249,2,7,58
119924,27315,1,147,3,1
119925,27026,179,4,4,31
119926,27076,398,1,3,55
119927,27128,1,133,1,1
119928,26938,141,4,3,24
119937,27145,249,1,7,58
119938,27090,398,3,3,55
119939,27217,1,68,2,1
119940,27056,149,4,7,22
119949,28717,198,1,14,14
119950,27171,140,1,5,40
119951,27390,230,1,2,50
119952,27327,1,121,3,1
119957,28727,198,3,14,14
119958,27097,1,170,1,1
119959,27177,140,3,5,40
119960,27372,230,2,2,50
119969,27034,149,5,7,22
119970,27245,141,8,4,24
119971,26969,399,2,1,67
119972,27107,1,135,1,1
119981,26961,141,7,3,24
119982,26998,179,2,4,31
119983,27083,398,2,3,55
119984,27298,1,122,3,1
119989,27622,1,67,1,1
119990,27664,249,3,7,58
119991,27561,149,4,7,22
119992,27581,398,1,3,55
119997,28789,198,3,14,14
119998,27733,1,134,2,1
119999,27877,230,2,2,50
120000,27682,140,3,5,40
120005,27759,141,2,4,24
120006,27474,399,2,1,67
120007,27539,149,5,7,22
120008,27810,1,123,3,1
120021,26991,399,1,1,67
120022,27044,149,3,7,22
120023,27244,141,8,4,24
120024,27314,1,147,3,1
120029,26922,418,1,6,82
120030,28756,147,5,17,14
120031,27135,1,181,1,1
120032,27355,1,129,15,23
120033,26898,418,2,6,82
120034,28757,147,5,17,14
120035,27351,1,128,15,23
120036,27326,1,121,3,1
120037,28716,198,1,14,14
120038,27176,140,3,5,40
120039,27297,1,122,3,1
120040,27371,230,2,2,50
120041,26982,399,5,1,67
120042,27043,149,3,7,22
120043,27196,1,168,2,1
120044,27270,141,1,4,24
120053,26960,141,7,3,24
120054,27004,179,3,4,31
120055,27089,398,3,3,55
120056,27206,1,136,2,1
120061,26910,418,4,6,82
120062,28756,147,5,17,14
120063,27304,1,123,3,1
120064,27365,1,186,15,23
120081,27569,149,1,7,22
120082,27578,398,1,3,55
120083,27619,1,67,1,1
120084,27661,249,3,7,58
120089,26975,399,4,1,67
120090,27033,149,5,7,22
120091,27106,1,135,1,1
120092,27252,141,2,4,24
120097,26952,141,6,3,24
120098,27025,179,4,4,31
120099,27089,398,3,3,55
120100,27206,1,136,2,1
120105,27055,149,4,7,22
120106,27082,398,2,3,55
120107,27151,249,2,7,58
120108,27335,1,66,3,1
120117,27447,141,5,3,24
120118,27500,179,2,4,31
120119,27578,398,1,3,55
120120,27630,1,133,1,1
120121,27478,399,4,1,67
120122,27535,149,5,7,22
120123,27609,1,135,1,1
120124,27755,141,2,4,24
120125,27425,418,1,6,82
120126,28806,147,1,17,14
120127,27739,1,182,2,1
120128,27843,1,105,15,23
120133,26944,141,5,3,24
120134,26997,179,2,4,31
120135,27075,398,1,3,55
120136,27127,1,133,1,1
120137,27570,149,1,7,22
120138,27587,398,2,3,55
120139,27655,249,2,7,58
120140,27818,1,147,3,1
120145,27449,141,5,3,24
120146,27520,179,1,4,31
120147,27593,398,3,3,55
120148,27710,1,136,2,1
120149,28788,198,3,14,14
120150,27601,1,170,1,1
120151,27680,140,3,5,40
120152,27875,230,2,2,50
120157,28788,198,3,14,14
120158,27669,140,5,5,40
120159,27732,1,134,2,1
120160,27888,230,4,2,50
120165,27767,141,9,4,24
120166,27802,1,122,3,1
120167,27549,149,3,7,22
120168,27487,399,5,1,67
120172,27576,398,1,3,55
120173,27835,1,66,3,1
120174,27644,249,1,7,58
120175,27483,399,5,1,67
120176,27597,1,170,1,1
120177,27780,141,10,4,24
120184,28723,198,3,14,14
120185,26957,141,7,3,24
120186,27132,1,181,1,1
120187,27789,1,185,3,1
120188,27574,398,1,3,55
120189,27642,249,1,7,58
120193,27532,149,5,7,22
120194,27515,179,1,4,31
120195,27596,1,170,1,1
120202,27267,141,1,4,24
120203,26979,399,5,1,67
120204,27323,1,121,3,1
120205,27103,1,135,1,1
120206,26987,399,1,1,67
120207,27258,141,9,4,24
120208,27543,149,3,7,22
120209,27524,179,4,4,31
120210,27735,1,182,2,1
120214,28772,198,1,14,14
120215,27451,141,6,3,24
120216,27715,1,68,2,1
120220,28783,198,3,14,14
120221,27696,1,168,2,1
120222,27444,141,5,3,24
120226,27834,1,66,3,1
120227,27524,179,4,4,31
120228,27554,149,4,7,22
120232,27086,398,3,3,55
120233,27140,249,1,7,58
120234,27113,1,67,1,1
120238,27643,249,1,7,58
120239,27575,398,1,3,55
120240,27813,1,147,3,1
120241,28781,198,3,14,14
120242,27012,179,1,4,31
120243,27833,1,66,3,1
120244,27062,149,1,7,22
120245,27123,1,133,1,1
120249,27040,149,3,7,22
120250,27021,179,4,4,31
120251,27232,1,182,2,1
120255,27276,141,10,4,24
120256,26964,399,2,1,67
120257,27224,1,134,2,1
120264,27029,149,5,7,22
120265,27012,179,1,4,31
120266,27093,1,170,1,1
120273,27430,141,3,3,24
120274,28803,147,1,17,14
120275,27813,1,147,3,1
120279,27331,1,66,3,1
120280,27021,179,4,4,31
120281,27051,149,4,7,22
120288,28783,198,3,14,14
120289,27460,141,7,3,24
120290,27635,1,181,1,1
120291,28712,198,1,14,14
120292,26948,141,6,3,24
120293,27212,1,68,2,1
120297,27589,398,3,3,55
120298,27643,249,1,7,58
120299,27616,1,67,1,1
120309,27286,1,185,3,1
120310,27071,398,1,3,55
120311,27140,249,1,7,58
120318,26927,141,3,3,24
120319,28743,147,1,17,14
120320,27310,1,147,3,1
120334,26951,141,6,3,24
120335,27014,179,1,4,31
120336,27074,398,1,3,55
120337,27126,1,133,1,1
120350,26967,399,2,1,67
120351,27032,149,5,7,22
120352,27279,141,10,4,24
120353,27334,1,66,3,1
120358,26929,141,3,3,24
120359,27024,179,4,4,31
120360,27081,398,2,3,55
120361,27313,1,147,3,1
120362,27064,149,1,7,22
120363,27088,398,3,3,55
120364,27142,249,1,7,58
120365,27215,1,68,2,1
120366,26990,399,1,1,67
120367,27043,149,3,7,22
120368,27105,1,135,1,1
120369,27260,141,9,4,24
120378,26897,418,2,6,82
120379,28745,147,1,17,14
120380,27235,1,182,2,1
120381,27359,1,132,15,23
120382,27054,149,4,7,22
120383,27074,398,1,3,55
120384,27115,1,67,1,1
120385,27157,249,3,7,58
120386,27557,149,4,7,22
120387,27592,398,3,3,55
120388,27646,249,1,7,58
120389,27719,1,68,2,1
120414,28715,198,1,14,14
120415,27163,140,5,5,40
120416,27289,1,185,3,1
120417,27381,230,4,2,50
120434,28725,198,3,14,14
120435,27181,140,2,5,40
120436,27226,1,134,2,1
120437,27394,230,5,2,50
120446,26915,418,5,6,82
120447,28756,147,5,17,14
120448,27135,1,181,1,1
120449,27345,1,177,15,23
120450,27065,149,1,7,22
120451,27082,398,2,3,55
120452,27150,249,2,7,58
120453,27325,1,121,3,1
120466,28726,198,3,14,14
120467,27096,1,170,1,1
120468,27187,140,4,5,40
120469,27376,230,3,2,50
120470,27054,149,4,7,22
120471,27089,398,3,3,55
120472,27143,249,1,7,58
120473,27216,1,68,2,1
120482,27529,179,4,4,31
120483,27580,398,1,3,55
120484,27632,1,133,1,1
120485,27442,141,4,3,24
120486,27648,249,1,7,58
120487,27594,398,3,3,55
120488,27721,1,68,2,1
120489,27559,149,4,7,22
120502,28778,198,1,14,14
120503,27674,140,1,5,40
120504,27893,230,1,2,50
120505,27830,1,121,3,1
120506,27624,1,133,1,1
120507,27713,1,68,2,1
120514,27628,1,133,1,1
120515,27659,249,3,7,58
120516,27590,398,3,3,55
120520,28814,147,5,17,14
120521,27827,1,121,3,1
120522,27461,141,7,3,24
120527,27432,141,3,3,24
120528,27526,179,4,4,31
120529,27584,398,2,3,55
120530,27816,1,147,3,1
120535,27470,399,2,1,67
120536,27535,149,5,7,22
120537,27782,141,10,4,24
120538,27837,1,66,3,1
120539,27557,149,4,7,22
120540,27577,398,1,3,55
120541,27618,1,67,1,1
120542,27660,249,3,7,58
120547,28785,198,3,14,14
120548,27684,140,2,5,40
120549,27729,1,134,2,1
120550,27897,230,5,2,50
120555,27495,399,1,1,67
120556,27756,141,2,4,24
120557,27700,1,168,2,1
120558,27548,149,3,7,22
120567,28817,147,5,17,14
120568,27869,1,186,15,23
120569,27839,1,66,3,1
120570,27426,418,1,6,82
120575,28819,147,5,17,14
120576,27428,418,1,6,82
120577,27851,1,177,15,23
120578,27641,1,181,1,1
120587,27537,149,5,7,22
120588,27748,141,8,4,24
120589,27472,399,2,1,67
120590,27611,1,135,1,1
120595,28808,147,1,17,14
120596,27420,418,5,6,82
120597,27845,1,105,15,23
120598,27740,1,182,2,1
120607,27401,418,2,6,82
120608,28806,147,1,17,14
120609,27739,1,182,2,1
120610,27863,1,132,15,23
120619,27281,141,10,4,24
120620,27198,1,168,2,1
120621,26976,399,4,1,67
120622,27034,149,5,7,22
120631,27055,149,4,7,22
120632,27076,398,1,3,55
120633,27117,1,67,1,1
120634,27158,249,3,7,58
120639,28758,147,5,17,14
120640,27352,1,128,15,23
120641,26918,418,5,6,82
120642,27315,1,147,3,1
120651,27077,398,1,3,55
120652,27129,1,133,1,1
120653,26962,141,7,3,24
120654,27017,179,1,4,31
120667,28727,198,3,14,14
120668,27189,140,4,5,40
120669,27228,1,134,2,1
120670,27377,230,3,2,50
120671,28747,147,1,17,14
120672,26923,418,1,6,82
120673,27341,1,105,15,23
120674,27237,1,182,2,1
120684,27214,1,68,2,1
120685,26973,399,4,1,67
120686,27269,141,1,4,24
120690,27302,1,123,3,1
120691,27014,179,1,4,31
120692,27064,149,1,7,22
120699,27104,1,135,1,1
120700,28724,198,3,14,14
120701,26942,141,5,3,24
120708,27234,1,182,2,1
120709,27149,249,2,7,58
120710,27080,398,2,3,55
120714,27805,1,123,3,1
120715,27517,179,1,4,31
120716,27567,149,1,7,22
120717,27717,1,68,2,1
120718,27476,399,4,1,67
120719,27772,141,1,4,24
120720,27608,1,135,1,1
120721,28785,198,3,14,14
120722,27446,141,5,3,24
120729,26929,141,3,3,24
120730,28725,198,3,14,14
120731,27126,1,133,1,1
120732,27250,141,2,4,24
120733,26989,399,1,1,67
120734,27295,1,122,3,1
120738,27042,149,3,7,22
120739,27022,179,4,4,31
120740,27114,1,67,1,1
120747,28714,198,1,14,14
120748,26935,141,4,3,24
120749,27225,1,134,2,1
120756,27288,1,185,3,1
120757,27073,398,1,3,55
120758,27142,249,1,7,58
120765,27133,1,181,1,1
120766,26966,399,2,1,67
120767,27242,141,8,4,24
120771,27754,141,2,4,24
120772,27492,399,1,1,67
120773,27798,1,122,3,1
120777,27545,149,3,7,22
120778,27526,179,4,4,31
120779,27618,1,67,1,1
120783,27204,1,136,2,1
120784,27053,149,4,7,22
120785,27003,179,3,4,31
120795,28744,147,1,17,14
120796,27312,1,147,3,1
120797,26950,141,6,3,24
120804,27094,1,170,1,1
120805,27156,249,3,7,58
120806,27087,398,3,3,55
120813,27737,1,182,2,1
120814,27652,249,2,7,58
120815,27583,398,2,3,55
120822,28754,147,5,17,14
120823,26935,141,4,3,24
120824,27294,1,122,3,1
120825,26988,399,1,1,67
120826,27234,1,182,2,1
120827,27241,141,8,4,24
120834,27141,249,1,7,58
120835,27072,398,1,3,55
120836,27301,1,123,3,1
120843,27013,179,1,4,31
120844,27213,1,68,2,1
120845,27063,149,1,7,22
120855,28723,198,3,14,14
120856,27193,1,168,2,1
120857,26941,141,5,3,24
120870,28714,198,1,14,14
120871,27114,1,67,1,1
120872,26950,141,6,3,24
120873,27249,141,2,4,24
120874,26972,399,4,1,67
120875,27124,1,133,1,1
120876,27104,1,135,1,1
120877,27155,249,3,7,58
120878,27086,398,3,3,55
120882,27491,399,1,1,67
120883,27737,1,182,2,1
120884,27744,141,8,4,24
120888,27544,149,3,7,22
120889,27790,1,185,3,1
120890,27525,179,4,4,31
120894,28774,198,1,14,14
120895,27617,1,67,1,1
120896,27453,141,6,3,24
120897,27606,1,135,1,1
120898,27658,249,3,7,58
120899,27589,398,3,3,55
120900,27041,149,3,7,22
120901,27287,1,185,3,1
120902,27022,179,4,4,31
120903,27728,1,134,2,1
120904,27583,398,2,3,55
120905,27651,249,2,7,58
120909,27815,1,147,3,1
120910,27762,141,9,4,24
120911,27469,399,2,1,67
120915,27555,149,4,7,22
120916,27505,179,3,4,31
120917,27636,1,181,1,1
120924,27752,141,2,4,24
120925,27475,399,4,1,67
120926,27627,1,133,1,1
120933,27605,1,135,1,1
120934,27490,399,1,1,67
120935,27761,141,9,4,24
120939,27779,141,10,4,24
120940,27467,399,2,1,67
120941,27726,1,134,2,1
120942,27514,179,1,4,31
120943,27565,149,1,7,22
120944,27626,1,133,1,1
120949,27412,418,4,6,82
120950,28815,147,5,17,14
120951,27637,1,181,1,1
120952,27847,1,177,15,23
120957,27462,141,7,3,24
120958,27507,179,3,4,31
120959,27591,398,3,3,55
120960,27708,1,136,2,1
120973,27420,418,5,6,82
120974,28817,147,5,17,14
120975,27639,1,181,1,1
120976,27859,1,129,15,23
120977,27456,141,6,3,24
120978,27528,179,4,4,31
120979,27593,398,3,3,55
120980,27710,1,136,2,1
120981,27494,399,1,1,67
120982,27547,149,3,7,22
120983,27747,141,8,4,24
120984,27817,1,147,3,1
120985,27493,399,1,1,67
120986,27546,149,3,7,22
120987,27609,1,135,1,1
120988,27764,141,9,4,24
120989,28775,198,1,14,14
120990,27666,140,5,5,40
120991,27792,1,185,3,1
120992,27885,230,4,2,50
121001,27454,141,6,3,24
121002,27517,179,1,4,31
121003,27577,398,1,3,55
121004,27629,1,133,1,1
121009,27568,149,1,7,22
121010,27591,398,3,3,55
121011,27646,249,1,7,58
121012,27718,1,68,2,1
121017,27614,1,67,1,1
121018,27811,1,147,3,1
121023,27200,1,136,2,1
121024,27284,1,185,3,1
121025,27513,179,1,4,31
121026,27541,149,3,7,22
121031,28801,147,1,17,14
121032,27725,1,134,2,1
121033,27111,1,67,1,1
121034,27200,1,136,2,1
121037,27724,1,134,2,1
121038,27787,1,185,3,1
121041,28770,198,1,14,14
121042,27603,1,135,1,1
121043,27513,179,1,4,31
121044,27563,149,1,7,22
121051,27009,179,1,4,31
121052,27049,149,4,7,22
121053,27121,1,133,1,1
121054,27210,1,68,2,1
121063,28720,198,3,14,14
121064,27320,1,121,3,1
121065,27009,179,1,4,31
121066,27059,149,1,7,22
121069,27010,179,1,4,31
121070,27038,149,3,7,22
121077,27010,179,1,4,31
121078,27060,149,1,7,22
121079,27211,1,68,2,1
121080,27321,1,121,3,1
121085,28710,198,1,14,14
121086,27100,1,135,1,1
121095,28751,147,5,17,14
121096,27122,1,133,1,1
121099,26928,141,3,3,24
121100,27204,1,136,2,1
121101,28724,198,3,14,14
121105,27009,179,1,4,31
121106,27037,149,3,7,22
121107,28751,147,5,17,14
121108,27309,1,147,3,1
121116,27111,1,67,1,1
121117,27222,1,134,2,1
121118,27073,398,1,3,55
121119,27333,1,66,3,1
121120,27142,249,1,7,58
121121,28740,147,1,17,14
121122,27221,1,134,2,1
121130,27110,1,67,1,1
121131,27308,1,147,3,1
121138,27010,179,1,4,31
121139,27061,149,1,7,22
121145,27203,1,136,2,1
121146,27140,249,1,7,58
121147,27079,398,2,3,55
121158,27175,140,3,5,40
121159,27065,149,1,7,22
121160,27115,1,67,1,1
121161,27074,398,1,3,55
121169,27070,398,1,3,55
121170,27212,1,68,2,1
121171,27140,249,1,7,58
121179,27206,1,136,2,1
121180,26960,141,7,3,24
121181,27089,398,3,3,55
121182,27025,179,4,4,31
121183,27302,1,123,3,1
121184,27073,398,1,3,55
121185,27142,249,1,7,58
121195,27115,1,67,1,1
121196,27269,141,1,4,24
121197,26989,399,1,1,67
121201,28756,147,5,17,14
121202,27355,1,129,15,23
121203,27135,1,181,1,1
121204,26910,418,4,6,82
121217,27546,149,3,7,22
121218,27829,1,121,3,1
121219,27494,399,1,1,67
121220,27782,141,10,4,24
121225,28726,198,3,14,14
121226,27897,230,5,2,50
121227,27227,1,134,2,1
121228,27182,140,2,5,40
121237,27043,149,3,7,22
121238,27326,1,121,3,1
121239,26991,399,1,1,67
121240,27279,141,10,4,24
121249,27034,149,5,7,22
121250,27198,1,168,2,1
121251,26969,399,2,1,67
121252,27272,141,1,4,24
121265,28727,198,3,14,14
121266,27377,230,3,2,50
121267,27097,1,170,1,1
121268,27189,140,4,5,40
121272,27226,1,134,2,1
121273,27042,149,3,7,22
121274,27023,179,4,4,31
121284,28724,198,3,14,14
121285,26958,141,7,3,24
121286,27234,1,182,2,1
121290,26974,399,4,1,67
121291,27323,1,121,3,1
121292,27277,141,10,4,24
121293,27104,1,135,1,1
121294,27063,149,1,7,22
121295,27013,179,1,4,31
121311,28720,198,3,14,14
121312,28721,198,3,14,14
121313,28722,198,3,14,14
121314,28723,198,3,14,14
121315,28724,198,3,14,14
121316,28725,198,3,14,14
121317,28726,198,3,14,14
121318,28727,198,3,14,14
121319,28728,198,3,14,14
121320,28729,198,3,14,14
121321,28710,198,1,14,14
121322,28711,198,1,14,14
121323,28712,198,1,14,14
121324,28713,198,1,14,14
121325,28714,198,1,14,14
121326,28715,198,1,14,14
121327,28716,198,1,14,14
121328,28717,198,1,14,14
121329,28718,198,1,14,14
121330,28719,198,1,14,14
121331,28720,198,3,14,14
121332,28721,198,3,14,14
121333,28722,198,3,14,14
121334,28723,198,3,14,14
121335,28724,198,3,14,14
121336,28725,198,3,14,14
121337,28726,198,3,14,14
121338,28727,198,3,14,14
121339,28728,198,3,14,14
121340,28729,198,3,14,14
121341,28750,147,5,17,14
121342,28751,147,5,17,14
121343,28752,147,5,17,14
121344,28753,147,5,17,14
121345,28754,147,5,17,14
121346,28755,147,5,17,14
121347,28756,147,5,17,14
121348,28757,147,5,17,14
121349,28758,147,5,17,14
121350,28759,147,5,17,14
121351,28740,147,1,17,14
121352,28741,147,1,17,14
121353,28742,147,1,17,14
121354,28743,147,1,17,14
121355,28744,147,1,17,14
121356,28745,147,1,17,14
121357,28746,147,1,17,14
121358,28747,147,1,17,14
121359,28748,147,1,17,14
121360,28749,147,1,17,14
121361,28750,147,5,17,14
121362,28751,147,5,17,14
121363,28752,147,5,17,14
121364,28753,147,5,17,14
121365,28754,147,5,17,14
121366,28755,147,5,17,14
121367,28756,147,5,17,14
121368,28757,147,5,17,14
121369,28758,147,5,17,14
121370,28759,147,5,17,14
121371,28780,198,3,14,14
121372,28781,198,3,14,14
121373,28782,198,3,14,14
121374,28783,198,3,14,14
121375,28784,198,3,14,14
121376,28785,198,3,14,14
121377,28786,198,3,14,14
121378,28787,198,3,14,14
121379,28788,198,3,14,14
121380,28789,198,3,14,14
121381,28770,198,1,14,14
121382,28771,198,1,14,14
121383,28772,198,1,14,14
121384,28773,198,1,14,14
121385,28774,198,1,14,14
121386,28775,198,1,14,14
121387,28776,198,1,14,14
121388,28777,198,1,14,14
121389,28778,198,1,14,14
121390,28779,198,1,14,14
121391,28780,198,3,14,14
121392,28781,198,3,14,14
121393,28782,198,3,14,14
121394,28783,198,3,14,14
121395,28784,198,3,14,14
121396,28785,198,3,14,14
121397,28786,198,3,14,14
121398,28787,198,3,14,14
121399,28788,198,3,14,14
121400,28789,198,3,14,14
121401,28810,147,5,17,14
121402,28811,147,5,17,14
121403,28812,147,5,17,14
121404,28813,147,5,17,14
121405,28814,147,5,17,14
121406,28815,147,5,17,14
121407,28816,147,5,17,14
121408,28817,147,5,17,14
121409,28818,147,5,17,14
121410,28819,147,5,17,14
121411,28800,147,1,17,14
121412,28801,147,1,17,14
121413,28802,147,1,17,14
121414,28803,147,1,17,14
121415,28804,147,1,17,14
121416,28805,147,1,17,14
121417,28806,147,1,17,14
121418,28807,147,1,17,14
121419,28808,147,1,17,14
121420,28809,147,1,17,14
121421,28810,147,5,17,14
121422,28811,147,5,17,14
121423,28812,147,5,17,14
121424,28813,147,5,17,14
121425,28814,147,5,17,14
121426,28815,147,5,17,14
121427,28816,147,5,17,14
121428,28817,147,5,17,14
121429,28818,147,5,17,14
121430,28819,147,5,17,14
121431,28840,198,3,14,14
121432,28841,198,3,14,14
121433,28842,198,3,14,14
121434,28843,198,3,14,14
121435,28844,198,3,14,14
121436,28845,198,3,14,14
121437,28846,198,3,14,14
121438,28847,198,3,14,14
121439,28848,198,3,14,14
121440,28849,198,3,14,14
121441,28830,198,1,14,14
121442,28831,198,1,14,14
121443,28832,198,1,14,14
121444,28833,198,1,14,14
121445,28834,198,1,14,14
121446,28835,198,1,14,14
121447,28836,198,1,14,14
121448,28837,198,1,14,14
121449,28838,198,1,14,14
121450,28839,198,1,14,14
121451,28840,198,3,14,14
121452,28841,198,3,14,14
121453,28842,198,3,14,14
121454,28843,198,3,14,14
121455,28844,198,3,14,14
121456,28845,198,3,14,14
121457,28846,198,3,14,14
121458,28847,198,3,14,14
121459,28848,198,3,14,14
121460,28849,198,3,14,14
121461,28870,147,5,17,14
121462,28871,147,5,17,14
121463,28872,147,5,17,14
121464,28873,147,5,17,14
121465,28874,147,5,17,14
121466,28875,147,5,17,14
121467,28876,147,5,17,14
121468,28877,147,5,17,14
121469,28878,147,5,17,14
121470,28879,147,5,17,14
121471,28860,147,1,17,14
121472,28861,147,1,17,14
121473,28862,147,1,17,14
121474,28863,147,1,17,14
121475,28864,147,1,17,14
121476,28865,147,1,17,14
121477,28866,147,1,17,14
121478,28867,147,1,17,14
121479,28868,147,1,17,14
121480,28869,147,1,17,14
121481,28870,147,5,17,14
121482,28871,147,5,17,14
121483,28872,147,5,17,14
121484,28873,147,5,17,14
121485,28874,147,5,17,14
121486,28875,147,5,17,14
121487,28876,147,5,17,14
121488,28877,147,5,17,14
121489,28878,147,5,17,14
121490,28879,147,5,17,14
121491,28840,198,3,14,14
121492,28841,198,3,14,14
121493,28842,198,3,14,14
121494,28843,198,3,14,14
121495,28844,198,3,14,14
121496,28845,198,3,14,14
121497,28846,198,3,14,14
121498,28847,198,3,14,14
121499,28848,198,3,14,14
121500,28849,198,3,14,14
121501,28780,198,3,14,14
121502,28781,198,3,14,14
121503,28782,198,3,14,14
121504,28783,198,3,14,14
121505,28784,198,3,14,14
121506,28785,198,3,14,14
121507,28786,198,3,14,14
121508,28787,198,3,14,14
121509,28788,198,3,14,14
121510,28789,198,3,14,14
121511,28720,198,3,14,14
121512,28721,198,3,14,14
121513,28722,198,3,14,14
121514,28723,198,3,14,14
121515,28724,198,3,14,14
121516,28725,198,3,14,14
121517,28726,198,3,14,14
121518,28727,198,3,14,14
121519,28728,198,3,14,14
121520,28729,198,3,14,14
121521,28830,198,1,14,14
121522,28831,198,1,14,14
121523,28832,198,1,14,14
121524,28833,198,1,14,14
121525,28834,198,1,14,14
121531,28770,198,1,14,14
121532,28771,198,1,14,14
121551,28840,198,3,14,14
121552,28841,198,3,14,14
121553,28842,198,3,14,14
121554,28843,198,3,14,14
121555,28844,198,3,14,14
121556,28845,198,3,14,14
121557,28846,198,3,14,14
121558,28847,198,3,14,14
121559,28848,198,3,14,14
121560,28849,198,3,14,14
121561,28780,198,3,14,14
121562,28781,198,3,14,14
121563,28782,198,3,14,14
121564,28783,198,3,14,14
121565,28784,198,3,14,14
121566,28785,198,3,14,14
121567,28786,198,3,14,14
121568,28787,198,3,14,14
121569,28788,198,3,14,14
121570,28789,198,3,14,14
121571,28720,198,3,14,14
121572,28721,198,3,14,14
121573,28722,198,3,14,14
121574,28723,198,3,14,14
121575,28724,198,3,14,14
121576,28725,198,3,14,14
121577,28726,198,3,14,14
121578,28727,198,3,14,14
121579,28728,198,3,14,14
121580,28729,198,3,14,14
121581,28870,147,5,17,14
121582,28871,147,5,17,14
121583,28872,147,5,17,14
121584,28873,147,5,17,14
121585,28874,147,5,17,14
121586,28875,147,5,17,14
121587,28876,147,5,17,14
121588,28877,147,5,17,14
121589,28878,147,5,17,14
121590,28879,147,5,17,14
121591,28810,147,5,17,14
121592,28811,147,5,17,14
121593,28812,147,5,17,14
121594,28813,147,5,17,14
121595,28814,147,5,17,14
121596,28815,147,5,17,14
121597,28816,147,5,17,14
121598,28817,147,5,17,14
121599,28818,147,5,17,14
121600,28819,147,5,17,14
121601,28750,147,5,17,14
121602,28751,147,5,17,14
121603,28752,147,5,17,14
121604,28753,147,5,17,14
121605,28754,147,5,17,14
121606,28755,147,5,17,14
121607,28756,147,5,17,14
121608,28757,147,5,17,14
121609,28758,147,5,17,14
121610,28759,147,5,17,14
121611,28860,147,1,17,14
121612,28861,147,1,17,14
121613,28862,147,1,17,14
121614,28863,147,1,17,14
121615,28864,147,1,17,14
121621,28800,147,1,17,14
121622,28801,147,1,17,14
121641,28870,147,5,17,14
121642,28871,147,5,17,14
121643,28872,147,5,17,14
121644,28873,147,5,17,14
121645,28874,147,5,17,14
121646,28875,147,5,17,14
121647,28876,147,5,17,14
121648,28877,147,5,17,14
121649,28878,147,5,17,14
121650,28879,147,5,17,14
121651,28810,147,5,17,14
121652,28811,147,5,17,14
121653,28812,147,5,17,14
121654,28813,147,5,17,14
121655,28814,147,5,17,14
121656,28815,147,5,17,14
121657,28816,147,5,17,14
121658,28817,147,5,17,14
121659,28818,147,5,17,14
121660,28819,147,5,17,14
121661,28750,147,5,17,14
121662,28751,147,5,17,14
121663,28752,147,5,17,14
121664,28753,147,5,17,14
121665,28754,147,5,17,14
121666,28755,147,5,17,14
121667,28756,147,5,17,14
121668,28757,147,5,17,14
121669,28758,147,5,17,14
121670,28759,147,5,17,14
121899,27595,398,3,3,55
121900,27511,179,3,4,31
121901,27712,1,136,2,1
121902,27443,141,4,3,24
121999,28758,147,5,17,14
122000,27298,1,122,3,1
122001,27352,1,128,15,23
122002,26906,418,3,6,82
122007,28083,398,1,3,55
122008,26946,141,5,3,24
122009,27006,179,3,4,31
122010,27129,1,133,1,1
122019,27145,249,1,7,58
122020,27218,1,68,2,1
122021,27091,398,3,3,55
122022,27067,149,1,7,22
122027,28728,198,3,14,14
122028,27875,230,2,2,50
122029,27159,249,3,7,58
122030,27292,1,185,3,1
122047,28232,1,134,2,1
122062,29128,1,284,8,
122066,29133,1,285,8,
122068,26972,399,4,1,67
122131,29171,174,1,13,
122136,29214,174,1,13,8
122137,29215,174,1,13,8
122266,27406,418,3,6,82
122267,27852,1,128,15,23
122268,27672,140,1,5,40
122269,27885,230,4,2,50
122270,27477,399,4,1,67
122271,27653,249,2,7,58
122273,27535,149,5,7,22
122275,27517,179,1,4,31
122276,27718,1,68,2,1
122277,27806,1,123,3,1
122370,28323,1,147,3,1
122371,28136,1,133,1,1
122372,28245,1,182,2,1
122373,28042,149,5,7,22
122459,27913,418,3,6,82
122674,27124,1,133,1,
122719,27113,1,67,1,1
122720,27213,1,68,2,1
122721,27311,1,147,3,1
122755,29358,1,211,8,
122756,29367,1,286,3,1
122757,29368,1,286,3,1
122758,29369,1,286,3,1
122759,29370,1,286,3,1
122760,29371,1,286,3,1
122761,29372,1,286,3,1
122762,29373,1,286,3,1
122763,29374,1,286,3,1
122764,29375,1,286,3,1
122765,29376,1,286,3,1
122766,29377,1,286,3,1
122767,29378,1,286,3,1
122768,29379,1,286,3,1
122769,29380,1,286,3,1
122770,29381,1,286,3,1
122771,29382,1,286,3,1
122772,29383,1,286,3,1
122773,29384,1,286,3,1
122774,29385,1,286,3,1
122775,29386,1,286,3,1
122776,29387,1,286,3,1
122777,29388,1,286,3,1
122778,29389,1,286,3,1
122779,29390,1,286,3,1
122780,29391,1,286,3,1
122781,29392,1,286,3,1
122782,29393,1,286,3,1
122783,29394,1,286,3,1
122784,29395,1,287,3,1
122785,29396,1,287,3,1
122786,29397,1,287,3,1
122787,29398,1,287,3,1
122788,29399,1,287,3,1
122789,29400,1,287,3,1
122790,29401,1,287,3,1
122791,29402,1,287,3,1
122792,29403,1,287,3,1
122793,29404,1,287,3,1
122794,29405,1,287,3,1
122795,29406,1,287,3,1
122796,29407,1,287,3,1
122797,29408,1,287,3,1
122798,29409,1,287,3,1
122799,29410,1,287,3,1
122800,29411,1,287,3,1
122801,29412,1,287,3,1
122802,29413,1,287,3,1
122803,29414,1,287,3,1
122818,29373,1,286,3,1
122819,27588,398,2,3,55
122820,27154,249,2,7,58
122821,25091,149,1,7,22
122826,28719,198,1,14,14
122827,27173,140,1,5,40
122828,27099,1,170,1,1
122829,27895,230,1,2,50
122836,29752,1,265,2,
122838,29758,141,13,4,24
122839,29759,141,12,4,24
122852,3782,1,1,8,
122865,27059,149,1,7,22
122871,12797,198,1,14,14
122872,27319,1,121,3,1
122873,29756,149,8,7,22
122874,29757,149,7,7,22
122875,29803,1,133,1,1
122883,29813,141,13,4,24
122884,29814,141,13,4,24
122885,29815,141,13,4,24
122886,29816,141,13,4,24
122887,29817,141,13,4,24
122888,29818,141,13,4,24
122889,29819,141,13,4,24
122890,29820,141,13,4,24
122891,29821,141,13,4,24
122892,29822,141,13,4,24
122893,29823,141,13,4,24
122894,29824,141,13,4,24
122895,29825,141,13,4,24
122896,29826,141,13,4,24
122897,29827,141,13,4,24
122898,29828,141,13,4,24
122899,29829,141,13,4,24
122900,29830,141,13,4,24
122901,29831,141,13,4,24
122902,29832,141,13,4,24
122903,29833,141,13,4,24
122904,29834,141,13,4,24
122905,29835,141,13,4,24
122906,29836,141,13,4,24
122907,29837,141,13,4,24
122908,29838,141,13,4,24
122909,29839,141,13,4,24
122910,29840,141,13,4,24
122911,29841,141,13,4,24
122912,29842,141,13,4,24
122913,29843,141,13,4,24
122914,29844,141,13,4,24
122915,29845,141,12,4,24
122916,29846,141,12,4,24
122917,29847,141,12,4,24
122918,29848,141,12,4,24
122919,29849,141,12,4,24
122920,29850,141,12,4,24
122921,29851,141,12,4,24
122922,29852,141,12,4,24
122923,29853,141,12,4,24
122924,29854,141,12,4,24
122925,29855,141,12,4,24
122926,29856,141,12,4,24
122927,29857,141,12,4,24
122928,29858,141,12,4,24
122929,29859,141,12,4,24
122930,29860,141,12,4,24
122931,29861,141,12,4,24
122932,29862,141,12,4,24
122933,29863,141,12,4,24
122934,29864,141,12,4,24
122935,29865,141,12,4,24
122936,29866,141,12,4,24
122937,29867,141,12,4,24
122938,29868,141,12,4,24
122939,29869,141,12,4,24
122940,29870,141,13,4,24
122941,29871,141,12,4,24
122942,29872,141,12,4,24
122943,29873,141,12,4,24
122944,29874,141,12,4,24
122945,29875,141,12,4,24
122946,29876,141,12,4,24
123278,29884,1,1,8,
123279,29885,1,79,8,
123349,29940,149,9,1,1
123350,29941,149,10,23,1
123351,29943,418,5,6,82
130283,29952,1,134,2,
130284,27220,1,134,2,1
130286,29956,149,8,7,22
130287,29957,149,8,7,22
130288,29958,149,8,7,22
130289,29959,149,8,7,22
130290,29960,149,8,7,22
130291,29961,149,8,7,22
130292,29962,149,8,7,22
130293,29963,149,8,7,22
130294,29964,149,8,7,22
130295,29965,149,8,7,22
130296,29966,149,8,7,22
130297,29967,149,8,7,22
130298,29968,149,8,7,22
130299,29969,149,8,7,22
130300,29970,149,8,7,22
130301,29971,149,8,7,22
130302,29972,149,8,7,22
130303,29973,149,8,7,22
130304,29974,149,8,7,22
130305,29975,149,8,7,22
130306,29976,149,8,7,22
130307,29977,149,8,7,22
130308,29978,149,8,7,22
130309,29979,149,8,7,22
130310,29980,149,8,7,22
130311,29981,149,8,7,22
130312,29982,149,8,7,22
130313,29983,149,8,7,22
130314,29984,149,8,7,22
130315,29985,149,8,7,22
130316,29986,149,8,7,22
130317,29987,149,8,7,22
130318,29988,149,8,7,22
130319,29989,149,8,7,22
130320,29990,149,8,7,22
130321,29991,149,8,7,22
130325,29994,149,9,1,1
130326,29995,149,9,1,1
130327,29996,149,9,1,1
130328,29997,149,9,1,1
130329,29998,149,9,1,1
130330,29999,149,9,1,1
130331,30000,149,9,1,1
130332,30001,149,9,1,1
130333,30002,149,9,1,1
130334,30003,149,9,1,1
130335,30004,149,9,1,1
130336,30005,149,9,1,1
130337,30006,149,9,1,1
130338,30007,149,9,1,1
130339,30008,149,9,1,1
130340,30009,149,9,1,1
130341,30010,149,9,1,1
130342,30011,149,9,1,1
130343,30012,149,9,1,1
130344,30013,149,9,1,1
130345,30014,149,9,1,1
130346,30015,149,9,1,1
130347,30016,149,9,1,1
130348,30017,149,9,1,1
130349,30018,149,9,1,1
130350,30019,149,9,1,1
130351,30020,149,9,1,1
130352,30021,149,9,1,1
130353,30022,149,9,1,1
130354,30023,149,9,1,1
130355,30024,149,9,1,1
130356,30025,149,9,1,1
130357,30026,149,9,1,1
130358,30027,149,9,1,1
130359,30028,149,9,1,1
130360,30029,149,9,1,1
130361,30030,149,9,1,1
130362,30031,149,9,1,1
130363,30032,149,9,1,1
130364,30033,149,9,1,1
130365,30034,149,9,1,1
130366,30035,149,9,1,1
130367,30036,149,9,1,1
130368,30037,149,9,1,1
130397,26735,1,268,2,
130398,30089,149,10,23,1
130399,30090,149,10,23,1
130400,30091,149,10,23,1
130401,30092,149,10,23,1
130402,30093,149,10,23,1
130403,30094,149,10,23,1
130404,30095,149,10,23,1
130405,30096,149,10,23,1
130406,30097,149,10,23,1
130407,30098,149,10,23,1
130408,30099,149,10,23,1
130409,30100,149,10,23,1
130410,30101,149,10,23,1
130411,30102,149,10,23,1
130412,30103,149,10,23,1
130413,30104,149,10,23,1
130414,30105,149,10,23,1
130415,30106,149,10,23,1
130416,30107,149,10,23,1
130417,30108,149,10,23,1
130418,30109,149,10,23,1
130419,30110,149,10,23,1
130420,30111,149,10,23,1
130421,30112,149,10,23,1
130422,30113,149,10,23,1
130423,30114,149,10,23,1
130424,30115,149,10,23,1
130425,30116,149,10,23,1
130426,30117,149,10,23,1
130427,30118,149,10,23,1
130428,30119,149,10,23,1
130429,30120,149,10,23,1
130437,30131,1,224,8,
130438,30135,149,11,8,
130439,27555,149,4,7,22
130440,27516,179,1,4,31
130441,27736,1,182,2,1
130442,27804,1,123,3,1
130443,30198,1,298,8,
130444,30204,149,7,7,22
130445,30205,149,7,7,22
130446,30206,149,7,7,22
130447,30207,149,7,7,22
130448,30208,149,7,7,22
130449,30209,149,7,7,22
130450,30210,149,7,7,22
130451,30211,149,7,7,22
130452,30212,149,7,7,22
130453,30213,149,7,7,22
130454,30214,149,7,7,22
130455,30215,149,7,7,22
130456,30216,149,7,7,22
130457,30217,149,7,7,22
130458,30218,149,7,7,22
130459,30219,149,7,7,22
130460,30220,149,7,7,22
130461,30221,149,7,7,22
130462,30222,149,7,7,22
130463,30223,149,7,7,22
130464,30224,149,7,7,22
130465,30225,149,7,7,22
130466,30226,149,7,7,22
130467,30227,149,7,7,22
130468,30233,141,12,4,24
130469,30234,141,12,4,24
130470,30235,141,12,4,24
130471,30236,141,12,4,24
130472,30237,141,12,4,24
130473,30238,141,12,4,24
130474,30239,141,12,4,24
130475,30240,141,12,4,24
130476,30241,141,12,4,24
130477,30242,141,12,4,24
130478,30243,141,12,4,24
130479,30244,141,12,4,24
130491,30252,1,3,8,
130496,30257,149,12,8,
130497,30258,141,17,8,
130499,26728,1,121,3,
130500,26726,1,134,2,
130501,26727,147,5,17,
130502,26745,1,276,15,
130509,10000078,1,275,6,82
130510,10000079,1,277,15,
130511,26734,1,203,13,
130512,26731,1,81,1,
130513,26733,1,229,,
130514,26772,1,278,3,1
130515,26736,1,121,3,
130516,10000080,418,1,6,
130517,10000081,1,177,15,
130518,26774,1,132,15,23
130519,26776,179,7,15,31
130520,30263,141,8,4,
130521,30264,141,4,3,
130522,30265,399,2,1,
130523,30266,1,168,2,
130524,30267,1,170,1,
130525,30268,1,123,3,
130526,30269,141,9,4,
130527,30270,140,1,5,
130528,30271,249,1,7,
131236,28723,198,3,14,14
131237,28727,198,3,14,14
131238,28728,198,3,14,14
131239,28711,198,1,14,14
131240,28716,198,1,14,14
131241,28754,147,5,17,14
131242,28757,147,5,17,14
131243,28746,147,1,17,14
131244,28748,147,1,17,14
131245,26905,418,3,6,82
131246,26910,418,4,6,82
131247,26924,418,1,6,82
131248,26927,141,3,3,24
131249,26929,141,3,3,24
131250,26940,141,4,3,24
131251,26945,141,5,3,24
131252,26958,141,7,3,24
131253,26960,141,7,3,24
131254,26965,399,2,1,67
131255,26976,399,4,1,67
131256,26980,399,5,1,67
131257,26982,399,5,1,67
131258,26987,399,1,1,67
131259,26993,399,1,1,67
131260,26996,179,2,4,31
131261,26998,179,2,4,31
131262,27002,179,3,4,31
131263,27003,179,3,4,31
131264,27010,179,1,4,31
131265,27017,179,1,4,31
131266,27020,179,4,4,31
131267,27021,179,4,4,31
131268,27028,179,4,4,31
131269,27031,149,5,7,22
131270,27034,149,5,7,22
131271,27039,149,3,7,22
131272,27040,149,3,7,22
131273,27044,149,3,7,22
131274,27046,149,3,7,22
131275,27053,149,4,7,22
131276,27055,149,4,7,22
131277,27058,149,4,7,22
131278,27060,149,1,7,22
131279,27065,149,1,7,22
131280,27067,149,1,7,22
131281,27072,398,1,3,55
131282,27074,398,1,3,55
131283,27075,398,1,3,55
131284,27078,398,1,3,55
131285,27082,398,2,3,55
131286,27083,398,2,3,55
131287,27087,398,3,3,55
131288,27088,398,3,3,55
131289,27090,398,3,3,55
131290,27092,398,3,3,55
131291,27094,1,170,1,1
131292,27098,1,170,1,1
131293,27106,1,135,1,1
131294,27110,1,67,1,1
131295,27117,1,67,1,1
131296,27122,1,133,1,1
131297,27125,1,133,1,1
131298,27126,1,133,1,1
131299,27130,1,133,1,1
131300,27132,1,181,1,1
131301,27136,1,181,1,1
131302,27141,249,1,7,58
131303,27143,249,1,7,58
131304,27147,249,1,7,58
131305,27152,249,2,7,58
131306,27156,249,3,7,58
131307,27158,249,3,7,58
131308,27177,140,3,5,40
131309,27181,140,2,5,40
131310,27189,140,4,5,40
131311,27194,1,168,2,1
131312,27198,1,168,2,1
131313,27201,1,136,2,1
131314,27203,1,136,2,1
131315,27207,1,136,2,1
131316,27214,1,68,2,1
131317,27215,1,68,2,1
131318,27219,1,68,2,1
131319,27221,1,134,2,1
131320,27228,1,134,2,1
131321,27236,1,182,2,1
131322,27254,141,2,4,24
131323,27258,141,9,4,24
131324,27269,141,1,4,24
131325,27271,141,1,4,24
131326,27277,141,10,4,24
131327,27279,141,10,4,24
131328,27288,1,185,3,1
131329,27292,1,185,3,1
131330,27295,1,122,3,1
131331,27298,1,122,3,1
131332,27301,1,123,3,1
131333,27305,1,123,3,1
131334,27322,1,121,3,1
131335,27326,1,121,3,1
131336,27330,1,66,3,1
131337,27334,1,66,3,1
131338,27346,1,177,15,23
131339,27360,1,132,15,23
131340,27367,1,186,15,23
131341,27372,230,2,2,50
131342,27377,230,3,2,50
131343,27394,230,5,2,50
131344,30313,149,13,2,1
131345,30314,149,14,2,1
131346,30316,1,244,8,
131347,30324,1,299,8,
131407,30389,1,301,8,
131408,30390,1,302,8,
131410,30422,1,1,8,
131411,30443,1,296,8,
131412,30446,1,229,8,
131413,30447,1,79,8,
131416,30468,230,6,1,
131479,30543,1,224,8,
131480,30546,527,1,3,
131482,30548,527,1,3,
131905,30104,149,10,23,1
131906,29404,1,287,3,1
131907,30215,149,7,7,22
131908,30238,141,12,4,24
131961,30648,249,1,8,
131962,30652,179,8,8,
131963,30651,141,19,8,
131964,30651,141,19,8,
131965,30652,179,8,8,
131978,30665,149,16,8,
131979,30666,418,5,6,82
131980,30667,141,7,3,24
131981,30668,399,1,1,67
131982,30669,179,1,4,31
131983,30670,149,5,7,22
131984,30671,398,3,3,55
131985,30672,149,8,7,22
131986,30673,149,7,7,22
131987,30674,1,181,1,1
131988,30675,149,9,1,1
131989,30676,149,10,23,1
131990,30677,249,2,7,58
131991,30678,140,1,5,40
131992,30679,1,182,2,1
131993,30680,141,9,4,24
131994,30681,141,13,4,24
131995,30682,141,12,4,24
131996,30683,1,123,3,1
131997,30684,1,286,3,1
131998,30685,1,287,3,1
131999,30686,1,128,15,23
132000,30687,230,1,2,50
132001,30688,198,1,14,14
132002,30689,147,1,17,14
132003,30690,147,5,17,14
132004,30691,198,3,14,14
132005,30692,1,68,2,1
132006,30693,249,3,7,58
132007,30694,399,4,1,67
132008,30695,418,4,6,82
132009,30696,399,5,1,67
132010,30697,249,1,7,57
132011,30698,149,8,7,22
132012,30699,198,1,14,14
132013,30700,179,2,4,31
132014,30701,179,3,4,31
132015,30702,398,1,3,55
132016,30703,141,12,4,24
132017,30704,141,4,3,24
132018,30705,140,3,5,40
132019,30706,1,129,15,23
132020,30707,230,4,2,50
132021,30708,418,3,6,82
132022,30709,141,6,3,24
132023,30710,398,1,3,55
132024,30711,140,2,5,40
132025,30712,1,136,2,1
132026,30713,1,186,15,23
132027,30714,149,7,7,22
132028,30715,230,5,2,50
132029,30716,1,286,3,1
132030,30717,1,287,3,1
132031,30718,147,1,17,14
20000001,27009,179,1,4,31
20000002,27059,149,1,7,22
20000007,27009,179,1,4,31
20000008,27284,1,185,3,1
20000009,27060,149,1,7,22
20000013,27200,1,136,2,1
20000017,28781,198,3,14,14
20000018,28771,198,1,14,14
20000019,27010,179,1,4,31
20000021,27010,179,1,4,31
20000025,27131,1,181,1,1
20000033,27040,149,3,7,22
20000034,27286,1,185,3,1
20000038,27140,249,1,7,58
20000039,27779,141,10,4,24
20000040,27192,1,168,2,1
20000044,27490,399,1,1,67
20000045,27752,141,2,4,24
20000046,27574,398,1,3,55
20000051,27978,399,4,1,67
20000052,28092,398,3,3,55
20000054,28085,398,2,3,55
20000055,28109,1,135,1,1
20000057,28027,179,4,4,31
20000058,28273,141,1,4,24
20000063,27544,149,3,7,22
20000064,27087,398,3,3,55
20000065,27498,179,2,4,31
20000066,27225,1,134,2,1
20000068,27431,141,3,3,24
20000071,27268,141,1,4,24
20000072,27133,1,181,1,1
20000074,27506,179,3,4,31
20000075,27556,149,4,7,22
20000077,26973,399,4,1,67
20000078,27125,1,133,1,1
20000081,28301,1,122,3,1
20000082,27583,398,2,3,55
20000083,27525,179,4,4,31
20000085,27934,141,3,3,24
20000104,28299,1,185,3,1
20000105,28000,399,1,1,67
20000106,27969,141,7,3,24
20000107,28084,398,1,3,55
20000108,28374,1,186,15,23
20000109,28098,398,3,3,55
20000110,28014,179,3,4,31
20000111,28236,1,134,2,1
20000116,28115,1,135,1,1
20000117,28849,198,3,14,14
20000118,28271,141,9,4,24
20000119,28042,149,5,7,22
20000273,27833,1,66,3,1
20000274,27547,149,3,7,22
20000275,12893,172,168,14,
20000279,27490,399,1,1,67
20000280,27563,149,1,7,22
20000282,27703,1,136,2,1
20000285,28784,198,3,14,14
20000288,28771,198,1,14,14
20000291,27620,1,67,1,1
20000292,27585,398,2,3,55
20000293,28787,198,3,14,14
20000298,27459,141,7,3,24
20000299,28817,147,5,17,14
20000300,27892,230,1,2,50
20000301,27501,179,2,4,31
20000302,27569,149,1,7,22
20000303,27752,141,2,4,24
20000304,27574,398,1,3,55
20000306,12924,172,169,17,
20000311,27672,140,1,5,40
20000312,27863,1,132,15,23
20000313,27708,1,136,2,1
20000314,27755,141,2,4,24
20000315,27494,399,1,1,67
20000316,28804,147,1,17,14
20000317,27647,249,1,7,58
20000318,27774,141,1,4,24
20000319,27797,1,122,3,1
20000320,12914,172,169,17,
20000321,28814,147,5,17,14
20000322,28774,198,1,14,14
20000323,27756,141,2,4,24
20000324,27868,1,186,15,23
20000325,27730,1,134,2,1
20000326,28787,198,3,14,14
20000327,27471,399,2,1,67
20000328,27719,1,68,2,1
20000329,12786,258,14,14,14
20000330,27456,141,6,3,24
20000331,28817,147,5,17,14
20000332,28777,198,1,14,14
20000333,28808,147,1,17,14
20000334,27839,1,66,3,1
20000335,27655,249,2,7,58
20000336,27740,1,182,2,1
20000337,27774,141,1,4,24
20000338,27844,1,105,15,23
20000339,27479,399,4,1,67
20000340,27830,1,121,3,1
20000341,27579,398,1,3,55
20000342,27448,141,5,3,24
20000343,27818,1,147,3,1
20000344,27486,399,5,1,67
20000345,28788,198,3,14,14
20000346,28788,198,3,14,14
20000347,27466,141,7,3,24
20000348,27676,140,1,5,40
20000349,27537,149,5,7,22
20000350,12898,172,168,14,
20000351,27479,399,4,1,67
20000352,12791,258,14,14,14
20000353,28818,147,5,17,14
20000354,27818,1,147,3,1
20000355,27495,399,1,1,67
20000356,28789,198,3,14,14
20000357,27710,1,136,2,1
20000358,27855,1,128,15,23
20000359,28778,198,1,14,14
20000360,12934,172,169,17,
20000361,27889,230,4,2,50
20000362,28809,147,1,17,14
20000363,12939,172,169,17,
20000364,27841,1,66,3,1
20000365,28819,147,5,17,14
20000366,27548,149,3,7,22
20000367,27580,398,1,3,55
20000368,27766,141,9,4,24
20000375,27680,140,3,5,40
20000376,12796,258,14,14,14
20000377,27443,141,4,3,24
20000378,27539,149,5,7,22
20000379,28779,198,1,14,14
20000380,27894,230,1,2,50
20000381,27662,249,3,7,58
20000382,27570,149,1,7,22
20000383,27502,179,2,4,31
20000384,27435,141,3,3,24
20000419,28776,198,1,14,14
20000420,28816,147,5,17,14
20000471,26987,399,1,1,67
20000472,27071,398,1,3,55
20000473,27102,1,135,1,1
20000478,28374,1,186,15,23
20000479,28098,398,3,3,55
20000480,28025,179,1,4,31
20000481,28236,1,134,2,1
20000482,27620,1,67,1,1
20000483,27720,1,68,2,1
20000484,27818,1,147,3,1
20000485,27558,149,4,7,22
20000486,20000079,1,147,3,1
20000487,20000080,141,9,4,24
20000488,20000081,141,10,4,24
20000489,20000082,141,13,4,24
20000490,20000083,198,3,14,14
20000491,20000084,149,4,7,22
20000492,20000085,149,3,7,22
20000493,20000086,398,2,3,55
20000494,20000087,418,1,6,82
20000495,20000078,1,66,3,1
20000496,20000088,141,5,3,24
20000497,20000089,179,4,4,31
