classId,x,y,z,yaw,minX,maxX,minZ,maxZ,maxY
3628,330.970,116.276,244.932,0.00000,-0.422,0.322,-0.174,0.287,0.482
3629,332.284,116.274,243.930,0.00000,-0.719,0.687,-0.666,0.513,0.796
3630,198.015,123.154,357.932,0.00000,-0.349,0.343,-0.347,0.354,0.503
3640,190.620,128.374,354.100,0.00000,-0.669,0.994,-0.159,1.625,0.518
3629,190.358,128.615,355.372,0.00000,-0.719,0.687,-0.666,0.513,0.796
3628,193.505,127.342,355.667,0.00000,-0.422,0.322,-0.174,0.287,0.482
3629,190.788,124.535,311.401,0.00000,-0.719,0.687,-0.666,0.513,0.796
3629,192.855,127.562,355.112,0.00000,-0.719,0.687,-0.666,0.513,0.796
3629,188.102,130.188,350.320,0.00000,-0.719,0.687,-0.666,0.513,0.796
3629,188.322,130.291,350.889,0.00000,-0.719,0.687,-0.666,0.513,0.796
3629,185.919,130.457,348.603,0.00000,-0.719,0.687,-0.666,0.513,0.796
3642,194.103,127.389,360.809,0.00000,-0.862,0.962,-0.544,0.927,0.481
3642,188.897,129.427,356.353,0.00000,-0.862,0.962,-0.544,0.927,0.481
3629,320.627,123.835,412.660,0.00000,-0.719,0.687,-0.666,0.513,0.796
3628,340.940,112.035,389.603,0.00000,-0.422,0.322,-0.174,0.287,0.482
3628,271.563,114.499,370.548,0.00000,-0.422,0.322,-0.174,0.287,0.482
3629,272.114,114.346,370.445,0.00000,-0.719,0.687,-0.666,0.513,0.796
3630,272.371,114.747,371.071,0.00000,-0.349,0.343,-0.347,0.354,0.503
3640,268.483,115.276,365.936,0.00000,-0.669,0.994,-0.159,1.625,0.518
3640,269.316,115.405,367.404,-2.26195,-0.669,0.994,-0.159,1.625,0.518
3640,266.978,113.228,369.240,2.35620,-0.669,0.994,-0.159,1.625,0.518
3640,228.488,113.176,383.310,0.97389,-0.669,0.994,-0.159,1.625,0.518
3640,253.714,115.350,364.249,0.00000,-0.669,0.994,-0.159,1.625,0.518
3640,250.448,115.743,365.179,0.00000,-0.669,0.994,-0.159,1.625,0.518
3630,249.617,115.836,365.660,0.00000,-0.349,0.343,-0.347,0.354,0.503
3630,247.325,115.856,364.947,0.00000,-0.349,0.343,-0.347,0.354,0.503
3630,255.077,115.769,365.497,0.00000,-0.349,0.343,-0.347,0.354,0.503
3630,247.805,116.675,363.798,0.00000,-0.349,0.343,-0.347,0.354,0.503
3640,249.750,115.308,365.238,-0.87965,-0.669,0.994,-0.159,1.625,0.518
3640,219.534,112.677,378.701,-0.87965,-0.669,0.994,-0.159,1.625,0.518
3630,253.336,114.884,382.891,0.00000,-0.349,0.343,-0.347,0.354,0.503
3640,587.517,61.683,230.748,0.00000,-0.669,0.994,-0.159,1.625,0.518
3640,515.338,61.035,216.493,0.00000,-0.669,0.994,-0.159,1.625,0.518
3640,517.168,60.032,217.861,0.00000,-0.669,0.994,-0.159,1.625,0.518
3643,515.006,59.514,213.124,-1.01473,-0.924,0.786,-0.654,1.114,0.602
3629,520.509,60.177,217.460,0.00000,-0.719,0.687,-0.666,0.513,0.796
3629,468.628,58.527,184.717,0.00000,-0.719,0.687,-0.666,0.513,0.796
3628,490.449,59.203,196.055,0.00000,-0.422,0.322,-0.174,0.287,0.482
3643,467.326,57.716,174.797,0.00000,-0.924,0.786,-0.654,1.114,0.602
3642,467.939,57.965,180.229,0.00000,-0.862,0.962,-0.544,0.927,0.481
3628,471.574,58.321,177.590,0.00000,-0.422,0.322,-0.174,0.287,0.482
3629,469.743,58.098,182.312,0.00000,-0.719,0.687,-0.666,0.513,0.796
3629,433.640,59.452,73.655,0.00000,-0.719,0.687,-0.666,0.513,0.796
3629,347.240,57.797,-22.002,0.00000,-0.719,0.687,-0.666,0.513,0.796
3629,351.145,58.021,-53.839,0.00000,-0.719,0.687,-0.666,0.513,0.796
3629,362.205,59.891,-77.739,0.00000,-0.719,0.687,-0.666,0.513,0.796
3628,359.122,60.036,-22.006,0.00000,-0.422,0.322,-0.174,0.287,0.482
3628,351.115,59.469,-59.278,1.11527,-0.422,0.322,-0.174,0.287,0.482
3628,367.055,59.826,-12.801,0.00000,-0.422,0.322,-0.174,0.287,0.482
3628,358.711,59.151,-77.710,0.00000,-0.422,0.322,-0.174,0.287,0.482
3628,343.177,55.467,-27.844,1.11527,-0.422,0.322,-0.174,0.287,0.482
3629,339.793,56.091,-27.724,0.00000,-0.719,0.687,-0.666,0.513,0.796
3628,337.406,55.861,-29.825,0.00000,-0.422,0.322,-0.174,0.287,0.482
3629,346.467,57.549,-22.905,0.00000,-0.719,0.687,-0.666,0.513,0.796
3628,355.796,58.090,-52.402,0.00000,-0.422,0.322,-0.174,0.287,0.482
3629,347.505,57.368,-54.489,0.00000,-0.719,0.687,-0.666,0.513,0.796
3640,411.533,59.525,38.013,2.81801,-0.669,0.994,-0.159,1.625,0.518
3640,404.070,59.365,58.520,-1.80327,-0.669,0.994,-0.159,1.625,0.518
3640,404.873,59.470,55.411,-2.83057,-0.669,0.994,-0.159,1.625,0.518
3710,402.997,59.429,56.268,0.00000,-0.651,0.703,-0.538,0.540,0.634
3710,409.901,59.547,31.513,0.00000,-0.651,0.703,-0.538,0.540,0.634
3709,403.861,59.297,57.197,0.00000,-0.913,0.373,-0.575,0.937,1.194
3710,401.945,59.334,55.859,0.00000,-0.651,0.703,-0.538,0.540,0.634
3710,359.189,59.259,72.556,0.00000,-0.651,0.703,-0.538,0.540,0.634
3711,352.748,59.264,71.343,0.36442,-0.913,0.373,-0.575,0.912,1.013
3711,357.394,59.264,72.216,0.00000,-0.913,0.373,-0.575,0.912,1.013
3710,463.432,59.389,103.130,0.00000,-0.651,0.703,-0.538,0.540,0.634
3629,347.005,59.430,66.544,0.00000,-0.719,0.687,-0.666,0.513,0.796
3710,353.606,59.264,71.096,0.00000,-0.651,0.703,-0.538,0.540,0.634
3710,346.771,59.264,65.998,0.00000,-0.651,0.703,-0.538,0.540,0.634
3710,348.402,59.264,67.791,0.00000,-0.651,0.703,-0.538,0.540,0.634
3709,403.362,59.825,41.549,0.00000,-0.913,0.373,-0.575,0.937,1.194
3711,409.724,59.605,45.291,0.00000,-0.913,0.373,-0.575,0.912,1.013
3710,406.378,59.661,40.477,0.00000,-0.651,0.703,-0.538,0.540,0.634
3628,-54.830,103.485,233.478,0.00000,-0.422,0.322,-0.174,0.287,0.482
3716,-71.685,99.125,132.072,0.00000,-1.087,1.077,-0.781,1.116,0.923
3642,-75.419,99.799,116.644,0.00000,-0.862,0.962,-0.544,0.927,0.481
3643,-92.868,103.066,112.027,0.00000,-0.923,0.786,-0.654,1.114,0.602
3780,-123.973,114.025,395.467,0.24990,-1.800,1.814,-1.822,1.680,1.811
3780,-123.641,113.965,393.242,-0.62958,-1.800,1.814,-1.822,1.680,1.811
3642,-56.079,115.448,776.118,-0.94562,-0.862,0.962,-0.544,0.927,0.481
3628,16.000,150.142,734.000,0.00000,-0.422,0.322,-0.174,0.287,0.482
3642,-11.905,126.502,733.769,0.00000,-0.862,0.962,-0.544,0.927,0.481
3640,-8.887,126.466,733.687,0.00000,-0.669,0.994,-0.159,1.625,0.518
3728,-0.372,169.654,703.036,0.00000,-1.398,1.575,-0.920,1.086,1.194
3711,-39.398,126.468,709.139,0.00000,-0.913,0.373,-0.575,0.912,1.013
3709,-33.953,126.409,713.955,0.00000,-0.913,0.373,-0.575,0.937,1.194
3728,-26.910,125.761,721.557,0.00000,-1.398,1.575,-0.920,1.086,1.194
3631,-4.544,125.874,737.795,0.00000,-0.145,0.275,-0.245,0.212,0.331
3631,-28.671,126.124,724.478,0.00000,-0.145,0.275,-0.245,0.212,0.331
3631,-34.994,126.250,714.909,0.00000,-0.145,0.275,-0.245,0.212,0.331
3642,16.488,173.043,718.228,0.00000,-0.862,0.962,-0.544,0.927,0.481
3728,-29.629,114.723,740.582,0.00000,-1.398,1.575,-0.920,1.086,1.194
3728,-58.598,114.245,720.292,0.00000,-1.398,1.575,-0.920,1.086,1.194
3727,-78.678,115.905,699.826,0.00000,-1.575,1.398,-1.086,0.920,1.194
3643,24.847,153.610,786.777,-1.83155,-0.924,0.786,-0.654,1.114,0.602
3643,-35.834,153.206,789.455,0.00000,-0.923,0.786,-0.654,1.114,0.602
3643,-31.036,152.966,788.867,-1.54566,-0.924,0.786,-0.654,1.114,0.602
3642,-0.542,115.135,776.239,-2.05774,-0.862,0.962,-0.544,0.927,0.481
3642,-22.205,130.961,782.467,-0.48066,-0.862,0.962,-0.544,0.927,0.481
3642,-12.051,115.194,774.008,-0.48066,-0.862,0.962,-0.544,0.927,0.481
3640,-58.006,153.148,790.607,0.00000,-0.669,0.994,-0.159,1.625,0.518
3642,-58.000,115.432,768.000,0.00000,-0.862,0.962,-0.544,0.927,0.481
3643,-85.250,131.109,782.225,-2.45673,-0.924,0.786,-0.654,1.114,0.602
3642,-89.082,131.253,782.348,0.00000,-0.862,0.962,-0.544,0.927,0.481
3643,-90.751,131.387,780.910,0.00000,-0.923,0.786,-0.654,1.114,0.602
3727,-98.267,152.911,785.771,0.00000,-1.575,1.398,-1.086,0.920,1.194
3726,-131.143,176.309,743.517,0.00000,-1.516,1.457,-0.900,1.106,1.194
3640,-68.713,122.885,778.541,1.41372,-0.669,0.994,-0.159,1.625,0.518
3643,-4.080,153.816,789.055,-2.12686,-0.924,0.786,-0.654,1.114,0.602
3643,-15.302,154.385,789.669,0.00000,-0.923,0.786,-0.654,1.114,0.602
3709,-25.390,116.085,768.096,0.00000,-0.913,0.373,-0.575,0.937,1.194
3711,-25.247,115.466,767.115,0.00000,-0.913,0.373,-0.575,0.912,1.013
3727,-23.791,115.466,770.796,0.00000,-1.575,1.398,-1.086,0.920,1.194
3710,-12.257,126.069,734.586,0.00000,-0.651,0.703,-0.538,0.540,0.634
3629,-15.544,122.417,740.815,0.00000,-0.719,0.687,-0.666,0.513,0.796
3643,-85.823,115.466,725.855,0.00000,-0.923,0.786,-0.654,1.114,0.602
3709,-90.301,113.964,717.646,0.00000,-0.913,0.373,-0.575,0.937,1.194
3710,-86.685,114.274,722.554,0.00000,-0.651,0.703,-0.538,0.540,0.634
3727,-84.823,115.774,720.454,0.00000,-1.575,1.398,-1.086,0.920,1.194
3729,-84.078,115.670,717.877,0.00000,-1.516,1.457,-0.900,1.106,1.194
3643,50.324,153.792,779.080,0.00000,-0.923,0.786,-0.654,1.114,0.602
3716,22.378,133.510,752.904,1.71531,-1.087,1.077,-0.781,1.116,0.923
3716,19.661,133.658,751.000,0.00000,-1.087,1.077,-0.781,1.115,0.923
3716,-97.058,119.267,707.772,0.00000,-1.087,1.077,-0.781,1.115,0.923
3716,-84.777,115.905,716.432,0.00000,-1.087,1.077,-0.781,1.115,0.923
3640,-96.509,118.856,703.212,2.06403,-0.669,0.994,-0.159,1.625,0.518
3640,-91.474,115.903,716.600,2.54783,-0.669,0.994,-0.159,1.625,0.518
3710,-49.109,115.466,774.472,1.62734,-0.651,0.703,-0.538,0.540,0.634
3710,-41.693,115.466,755.322,0.00000,-0.651,0.703,-0.538,0.540,0.634
3710,-48.998,115.466,767.882,0.00000,-0.651,0.703,-0.538,0.540,0.634
3709,-32.836,115.466,753.586,0.00000,-0.913,0.373,-0.575,0.937,1.194
3711,-38.139,115.466,752.891,0.00000,-0.913,0.373,-0.575,0.912,1.013
3709,-35.211,115.466,752.949,0.00000,-0.913,0.373,-0.575,0.937,1.194
3710,-36.242,115.547,753.060,0.00000,-0.651,0.703,-0.538,0.540,0.634
3710,-49.984,115.737,769.211,0.00000,-0.651,0.703,-0.538,0.540,0.634
3628,-104.168,125.572,718.709,0.00000,-0.422,0.322,-0.174,0.287,0.482
3642,-47.494,123.441,712.209,0.00000,-0.862,0.962,-0.544,0.927,0.481
3642,-38.388,125.274,720.534,0.23248,-0.862,0.962,-0.544,0.927,0.481
3642,-63.259,118.470,706.913,-1.03044,-0.862,0.962,-0.544,0.927,0.481
3642,-41.280,123.134,723.211,-1.03044,-0.862,0.962,-0.544,0.927,0.481
3716,-66.561,118.241,705.389,0.00000,-1.087,1.077,-0.781,1.115,0.923
3640,-59.098,123.916,702.634,0.00000,-0.669,0.994,-0.159,1.625,0.518
3643,-61.103,123.587,702.151,0.00000,-0.923,0.786,-0.654,1.114,0.602
3643,-65.333,117.815,707.351,0.00000,-0.923,0.786,-0.654,1.114,0.602
3643,-74.210,118.217,684.536,-0.28588,-0.923,0.786,-0.654,1.114,0.602
3643,-73.710,118.360,696.841,0.00000,-0.923,0.786,-0.654,1.114,0.602
3643,-80.068,115.901,686.794,-1.46712,-0.924,0.786,-0.654,1.114,0.602
3709,-66.208,115.720,713.479,0.00000,-0.913,0.373,-0.575,0.937,1.194
3710,-68.034,115.901,711.988,0.00000,-0.651,0.703,-0.538,0.540,0.634
3727,-62.102,115.756,713.679,0.00000,-1.575,1.398,-1.086,0.920,1.194
3727,-61.533,112.408,721.687,0.00000,-1.575,1.398,-1.086,0.920,1.194
3711,-67.333,115.667,712.763,0.00000,-0.913,0.373,-0.575,0.912,1.013
3710,-53.312,114.222,729.254,0.00000,-0.651,0.703,-0.538,0.540,0.634
3728,-50.342,114.036,732.923,0.00000,-1.398,1.575,-0.920,1.086,1.194
3710,-53.120,117.963,715.685,0.00000,-0.651,0.703,-0.538,0.540,0.634
3710,-81.025,115.911,690.403,0.00000,-0.651,0.703,-0.538,0.540,0.634
3728,-80.590,115.662,694.251,0.00000,-1.398,1.575,-0.920,1.086,1.194
3728,-73.720,118.221,691.585,0.00000,-1.398,1.575,-0.920,1.086,1.194
3727,-95.370,117.810,700.587,-2.18341,-1.575,1.398,-1.086,0.920,1.194
3642,-81.869,121.373,666.968,0.00000,-0.862,0.962,-0.544,0.927,0.481
3728,-78.983,120.789,661.385,0.00000,-1.398,1.575,-0.920,1.086,1.194
3726,-86.460,121.567,669.567,0.00000,-1.516,1.457,-0.900,1.106,1.194
3711,-83.825,121.260,671.056,0.00000,-0.913,0.373,-0.575,0.912,1.013
3711,-86.113,121.264,671.788,0.00000,-0.913,0.373,-0.575,0.912,1.013
3711,-83.073,121.354,668.195,0.00000,-0.913,0.373,-0.575,0.912,1.013
3711,-82.919,121.189,669.222,0.00000,-0.913,0.373,-0.575,0.912,1.013
3710,-49.741,123.772,708.690,0.00000,-0.651,0.703,-0.538,0.540,0.634
3727,-47.417,123.899,709.309,0.00000,-1.575,1.398,-1.086,0.920,1.194
3727,-39.235,123.595,724.012,0.00000,-1.575,1.398,-1.086,0.920,1.194
3727,-59.366,118.705,707.878,0.00000,-1.575,1.398,-1.086,0.920,1.194
3727,-49.081,118.075,721.518,0.00000,-1.575,1.398,-1.086,0.920,1.194
3727,-36.386,126.080,713.134,0.00000,-1.575,1.398,-1.086,0.920,1.194
3728,-98.162,124.450,680.811,0.00000,-1.398,1.575,-0.920,1.086,1.194
3710,-97.883,124.749,682.151,0.00000,-0.651,0.703,-0.538,0.540,0.634
3727,-79.585,121.138,664.811,0.00000,-1.575,1.398,-1.086,0.920,1.194
3631,-52.429,116.402,648.590,0.00000,-0.145,0.275,-0.245,0.212,0.331
3727,-26.385,115.814,621.704,0.00000,-1.575,1.398,-1.086,0.920,1.194
3727,-44.920,115.911,611.400,-1.77500,-1.575,1.398,-1.086,0.920,1.194
3642,-45.640,116.316,637.263,0.00000,-0.862,0.962,-0.544,0.927,0.481
3727,-46.683,116.126,638.325,0.00000,-1.575,1.398,-1.086,0.920,1.194
3727,8.146,116.320,561.859,0.00000,-1.575,1.398,-1.086,0.920,1.194
3727,-20.150,116.002,566.806,0.00000,-1.575,1.398,-1.086,0.920,1.194
3728,-14.106,116.522,563.523,0.00000,-1.398,1.575,-0.920,1.086,1.194
3729,-16.235,115.952,561.555,0.00000,-1.516,1.457,-0.900,1.106,1.194
3643,-38.207,115.784,580.894,-1.07842,-0.924,0.786,-0.654,1.114,0.602
3727,-30.646,116.057,575.707,0.00000,-1.575,1.398,-1.086,0.920,1.194
3709,-47.551,116.267,576.740,0.00000,-0.913,0.373,-0.575,0.937,1.194
3709,-46.537,116.283,607.842,0.00000,-0.913,0.373,-0.575,0.937,1.194
3711,-45.861,116.141,609.085,0.00000,-0.913,0.373,-0.575,0.912,1.013
3710,-45.685,116.058,612.799,0.00000,-0.651,0.703,-0.538,0.540,0.634
3632,-51.840,116.675,591.141,0.00000,-0.298,0.344,-0.318,0.331,0.405
3710,-52.029,116.508,592.229,0.00000,-0.651,0.703,-0.538,0.540,0.634
3727,-50.400,116.161,591.815,0.00000,-1.575,1.398,-1.086,0.920,1.194
3728,-50.475,115.942,589.480,0.00000,-1.398,1.575,-0.920,1.086,1.194
3727,-18.305,123.941,625.136,0.00000,-1.575,1.398,-1.086,0.920,1.194
3632,-21.352,116.373,624.419,0.00000,-0.298,0.344,-0.318,0.331,0.405
3727,-43.839,123.983,711.962,0.00000,-1.575,1.398,-1.086,0.920,1.194
3727,-26.213,126.015,728.651,0.00000,-1.575,1.398,-1.086,0.920,1.194
3727,-27.172,125.710,725.966,0.00000,-1.575,1.398,-1.086,0.920,1.194
3727,-24.566,125.823,731.217,0.00000,-1.575,1.398,-1.086,0.920,1.194
3727,-9.006,126.289,734.470,0.00000,-1.575,1.398,-1.086,0.920,1.194
3727,-83.073,115.800,721.782,0.00000,-1.575,1.398,-1.086,0.920,1.194
3727,-88.018,116.169,504.923,0.00000,-1.575,1.398,-1.086,0.920,1.194
3727,16.099,115.850,504.212,0.00000,-1.575,1.398,-1.086,0.920,1.194
3727,29.932,115.903,502.486,0.00000,-1.575,1.398,-1.086,0.920,1.194
3727,51.699,125.693,506.009,0.00000,-1.575,1.398,-1.086,0.920,1.194
3727,56.026,125.250,502.723,0.00000,-1.575,1.398,-1.086,0.920,1.194
3727,59.910,124.496,505.130,0.00000,-1.575,1.398,-1.086,0.920,1.194
3727,54.151,125.505,509.301,0.00000,-1.575,1.398,-1.086,0.920,1.194
3727,57.667,124.763,510.928,0.00000,-1.575,1.398,-1.086,0.920,1.194
3727,85.417,124.322,523.307,0.00000,-1.575,1.398,-1.086,0.920,1.194
3727,-150.207,123.906,518.945,-1.79071,-1.575,1.398,-1.086,0.920,1.194
3727,-101.821,116.442,535.159,1.51422,-1.575,1.398,-1.086,0.920,1.194
3727,-101.711,116.306,530.226,-0.05028,-1.575,1.398,-1.086,0.920,1.194
3727,-137.057,115.505,429.202,0.00000,-1.575,1.398,-1.086,0.920,1.194
3727,-138.514,115.786,458.678,0.00000,-1.575,1.398,-1.086,0.920,1.194
3727,-139.243,115.825,435.988,1.28805,-1.575,1.398,-1.086,0.920,1.194
3727,-140.573,115.842,449.180,0.00000,-1.575,1.398,-1.086,0.920,1.194
3728,-134.238,115.736,423.919,0.00000,-1.398,1.575,-0.920,1.086,1.194
3727,37.542,119.595,517.845,-1.64934,-1.575,1.398,-1.086,0.920,1.194
3727,42.250,124.550,511.723,-1.64934,-1.575,1.398,-1.086,0.920,1.194
3630,37.152,119.973,512.280,0.00000,-0.349,0.343,-0.347,0.354,0.503
3727,35.128,115.915,413.304,-1.92894,-1.575,1.398,-1.086,0.920,1.194
3829,-87.238,79.585,-289.081,-1.12022,-0.756,0.756,-2.224,2.224,0.490
3829,-89.776,79.367,-287.419,-0.24232,-0.756,0.756,-2.224,2.224,0.490
3829,15.123,71.220,-332.579,0.00000,-0.756,0.756,-2.224,2.224,0.491
3829,16.020,70.806,-326.571,-2.11619,-0.756,0.756,-2.224,2.224,0.491
3829,135.959,70.667,-244.871,-0.02090,-0.756,0.756,-2.224,2.224,0.491
3780,515.047,111.684,388.037,0.00000,-1.800,1.814,-1.822,1.680,1.811
3780,513.789,111.684,388.594,-0.81681,-1.800,1.814,-1.822,1.680,1.811
3780,513.140,111.684,387.324,2.10487,-1.800,1.814,-1.822,1.680,1.811
3780,511.002,111.684,389.974,2.10487,-1.800,1.814,-1.822,1.680,1.811
3727,582.689,109.838,410.415,0.00000,-1.575,1.398,-1.086,0.920,1.194
3727,522.815,112.011,371.178,0.00000,-1.575,1.398,-1.086,0.920,1.194
3632,533.083,111.957,397.351,0.00000,-0.298,0.344,-0.318,0.331,0.405
3780,333.494,112.984,296.608,0.00000,-1.800,1.814,-1.822,1.680,1.811
3632,318.732,116.125,274.752,0.00000,-0.298,0.344,-0.318,0.331,0.405
3727,442.426,65.065,-111.032,0.00000,-1.575,1.398,-1.086,0.920,1.194
3727,446.788,64.943,-111.734,-3.07876,-1.575,1.398,-1.086,0.920,1.194
3728,605.376,110.316,421.609,1.13097,-1.398,1.575,-0.920,1.086,1.194
3887,-54.215,115.443,768.716,0.00000,-0.583,0.583,-0.583,0.583,1.838
3887,-47.602,115.122,753.635,0.00000,-0.583,0.583,-0.583,0.583,1.838
3887,-73.577,115.500,736.587,2.92168,-0.583,0.583,-0.583,0.583,1.838
3640,28.464,140.624,580.224,0.00000,-0.669,0.994,-0.159,1.625,0.518
3728,31.511,141.279,578.838,0.00000,-1.398,1.575,-0.920,1.086,1.194
3728,25.385,140.192,582.594,0.00000,-1.398,1.575,-0.920,1.086,1.194
3629,-7.875,116.600,396.062,-0.78540,-0.719,0.687,-0.666,0.513,0.796
3629,-6.905,116.419,396.469,-0.78540,-0.719,0.687,-0.666,0.513,0.796
3829,-293.523,78.163,-317.535,-0.18503,-0.756,0.756,-2.224,2.224,0.490
3829,-247.987,103.773,-426.728,-0.44233,-0.756,0.756,-2.224,2.224,0.490
3829,-244.799,101.393,-426.349,4.27932,-0.756,0.756,-2.224,2.224,0.491
3860,-247.265,104.214,-418.719,-2.26387,-1.018,0.854,-0.796,1.035,1.438
3709,33.000,116.101,560.000,0.00000,-0.913,0.373,-0.575,0.937,1.194
3710,33.281,116.155,559.210,0.00000,-0.651,0.703,-0.538,0.540,0.634
3711,32.136,116.091,559.764,0.00000,-0.913,0.373,-0.575,0.912,1.013
3710,27.567,116.064,559.990,0.00000,-0.651,0.703,-0.538,0.540,0.634
3709,25.927,116.140,560.757,0.00000,-0.913,0.373,-0.575,0.937,1.194
3711,26.666,116.060,559.952,0.00000,-0.913,0.373,-0.575,0.912,1.013
3727,23.535,116.011,560.472,0.00000,-1.575,1.398,-1.086,0.920,1.194
3903,47.400,115.954,-517.647,2.23052,-1.051,1.051,-1.500,1.500,1.765
3903,-128.922,116.306,-644.361,0.00000,-1.051,1.051,-1.500,1.500,1.765
3903,-131.024,116.306,-644.429,0.00000,-1.051,1.051,-1.500,1.500,1.765
3903,-129.990,118.010,-644.520,0.00000,-1.051,1.051,-1.500,1.500,1.765
3903,137.527,106.247,-635.689,0.00549,-1.051,1.051,-1.500,1.500,1.765
3903,134.677,106.247,-635.534,0.04098,-1.051,1.051,-1.500,1.500,1.765
3903,137.387,106.247,-632.375,-0.03001,-1.051,1.051,-1.500,1.500,1.765
3903,134.694,106.247,-632.324,-0.04503,-1.051,1.051,-1.500,1.500,1.765
3903,136.235,106.247,-629.078,0.00000,-1.051,1.051,-1.500,1.500,1.765
3629,19.552,114.601,398.649,0.00000,-0.719,0.687,-0.666,0.513,0.796
3726,19.804,114.523,396.817,0.00000,-1.516,1.457,-0.900,1.106,1.194
3726,-82.222,115.497,403.903,0.53407,-1.516,1.457,-0.900,1.106,1.194
3726,-77.167,115.497,402.307,0.53407,-1.516,1.457,-0.900,1.106,1.194
3629,-72.112,115.055,393.846,0.01559,-0.719,0.687,-0.666,0.513,0.796
4099,-8.000,75.706,-278.000,0.00000,-0.809,1.693,-1.332,2.171,0.649
4100,-9.000,76.000,-281.000,0.00000,-1.187,1.084,-1.700,1.847,0.672
3903,46.572,117.883,-518.608,-1.57080,-1.051,1.051,-1.500,1.500,1.765
3903,45.765,115.954,-519.653,2.23052,-1.051,1.051,-1.500,1.500,1.765
4099,89.491,106.020,-615.743,0.00000,-0.809,1.693,-1.332,2.171,0.649
3903,-131.548,116.216,-640.336,1.44512,-1.051,1.051,-1.500,1.500,1.765
3903,-131.716,118.373,-639.026,-1.57080,-1.051,1.051,-1.500,1.500,1.765
3903,-131.810,116.216,-637.761,1.44512,-1.051,1.051,-1.500,1.500,1.765
3632,173.680,135.681,722.482,0.00000,-0.298,0.344,-0.318,0.331,0.405
3630,-316.380,120.895,354.451,0.00000,-0.349,0.343,-0.347,0.354,0.503
3632,-314.039,120.726,353.172,2.86064,-0.298,0.344,-0.318,0.331,0.405
3640,-339.875,119.851,368.320,1.31918,-0.669,0.994,-0.159,1.625,0.518
3628,-353.898,122.383,356.997,1.32877,-0.422,0.322,-0.174,0.287,0.482
4238,158.998,150.770,1024.480,0.00000,-0.446,0.329,-0.290,0.411,1.599
4238,158.548,150.770,1023.870,-0.87965,-0.446,0.328,-0.290,0.411,1.599
4238,159.662,150.273,1025.260,-2.67035,-0.446,0.329,-0.290,0.411,1.599
4238,156.414,151.390,1025.160,-2.67035,-0.446,0.329,-0.290,0.411,1.599
4275,222.496,150.295,1063.310,0.00000,-1.016,0.904,-0.931,0.346,1.402
4275,223.720,150.295,1062.930,1.28805,-1.016,0.904,-0.931,0.346,1.402
4272,215.239,150.747,1061.010,-3.01593,-0.615,0.704,-0.653,0.647,0.704
4271,192.233,151.449,1036.440,0.00000,-0.535,0.753,-0.637,0.663,1.102
4271,193.845,149.198,1034.580,1.43975,-0.535,0.753,-0.637,0.663,1.102
4271,195.330,149.336,1035.700,0.57417,-0.535,0.753,-0.637,0.663,1.102
4272,163.069,150.234,1024.560,-0.78189,-0.615,0.704,-0.653,0.647,0.704
4271,164.686,150.161,1024.510,2.67035,-0.535,0.753,-0.637,0.664,1.102
4271,165.577,149.886,1023.920,2.17311,-0.535,0.753,-0.637,0.663,1.102
4271,167.000,149.656,1024.000,2.17311,-0.535,0.753,-0.637,0.664,1.102
3903,-594.157,183.732,-1100.006,0.00000,-1.051,1.051,-1.500,1.500,1.765
3903,-594.159,183.732,-1095.916,0.00000,-1.051,1.051,-1.500,1.500,1.765
3903,-598.171,183.699,-1096.432,0.43599,-1.051,1.051,-1.500,1.500,1.765
3780,-481.853,105.714,-320.404,-0.75398,-1.800,1.814,-1.822,1.680,1.811
3780,-477.974,105.714,-317.671,-0.18849,-1.800,1.814,-1.822,1.680,1.811
3780,-493.915,106.193,-334.469,-0.25133,-1.800,1.814,-1.822,1.680,1.811
3780,-441.491,77.863,-312.648,-0.75398,-1.800,1.814,-1.822,1.680,1.811
3780,-418.937,76.765,-282.112,-0.75398,-1.800,1.814,-1.822,1.680,1.811
3780,-209.347,100.752,345.980,0.00000,-1.800,1.814,-1.822,1.680,1.811
3780,-173.318,101.043,345.956,-0.81681,-1.800,1.814,-1.822,1.680,1.811
3632,-207.596,111.174,330.519,0.00000,-0.298,0.344,-0.318,0.331,0.405
3780,281.678,137.136,432.001,0.00000,-1.800,1.814,-1.822,1.680,1.811
3780,277.120,136.118,433.302,-1.16239,-1.800,1.814,-1.822,1.680,1.811
3780,281.689,135.789,439.319,-2.04204,-1.800,1.814,-1.822,1.680,1.811
3780,257.811,114.797,402.576,0.00000,-1.800,1.814,-1.822,1.680,1.811
3780,258.223,114.798,401.150,-1.00531,-1.800,1.814,-1.822,1.680,1.811
4275,-330.000,48.000,165.000,0.00000,-1.016,0.904,-0.930,0.346,1.402
4435,-273.906,47.678,170.316,0.16418,-0.615,0.704,-0.653,0.647,0.704
4434,-273.276,47.716,169.620,0.09466,-0.535,0.753,-0.637,0.663,1.102
3729,-242.000,57.000,7.000,0.00000,-1.516,1.457,-0.900,1.106,1.194
3729,-241.000,57.000,10.000,0.00000,-1.516,1.457,-0.900,1.106,1.194
3729,-238.115,56.603,7.642,0.00000,-1.516,1.457,-0.900,1.106,1.194
3729,-233.000,57.000,7.000,0.00000,-1.516,1.457,-0.900,1.106,1.194
3829,-152.248,49.256,-135.101,0.00000,-0.756,0.756,-2.224,2.224,0.490
3829,-139.911,48.959,-126.617,-0.84819,-0.756,0.756,-2.224,2.224,0.490
3860,-164.758,46.192,-179.214,0.00000,-1.018,0.854,-0.796,1.035,1.438
3860,-155.432,46.192,-190.224,-1.51531,-1.018,0.854,-0.796,1.035,1.438
3861,-151.230,47.488,-174.548,1.12987,-0.162,0.269,-0.444,1.097,1.610
3642,-367.506,62.015,-208.718,0.00000,-0.862,0.962,-0.544,0.927,0.481
3643,-372.200,62.015,-209.820,0.00000,-0.923,0.786,-0.654,1.114,0.602
3726,-366.421,62.016,-208.867,0.00000,-1.516,1.457,-0.900,1.106,1.194
3729,-363.035,61.874,-198.893,0.00000,-1.516,1.457,-0.900,1.106,1.194
3728,-357.171,61.777,-204.825,0.00000,-1.398,1.575,-0.920,1.086,1.194
3727,-362.075,61.896,-198.626,0.00000,-1.575,1.398,-1.086,0.920,1.194
3640,-373.711,61.929,-205.461,-2.39879,-0.669,0.994,-0.159,1.625,0.518
3726,-367.970,62.016,-209.751,0.00000,-1.516,1.457,-0.900,1.106,1.194
3726,-374.130,62.016,-207.313,0.00000,-1.516,1.457,-0.900,1.106,1.194
3726,-373.556,62.016,-212.190,0.00000,-1.516,1.457,-0.900,1.106,1.194
3728,-365.202,62.015,-198.189,0.00000,-1.398,1.575,-0.920,1.086,1.194
3728,-379.472,66.110,-189.025,0.00000,-1.398,1.575,-0.920,1.086,1.194
3728,-355.627,62.041,-204.467,0.00000,-1.398,1.575,-0.920,1.086,1.194
3728,-357.689,62.041,-203.658,0.00000,-1.398,1.575,-0.920,1.086,1.194
3728,-352.570,61.674,-206.681,0.00000,-1.398,1.575,-0.920,1.086,1.194
3643,-781.853,160.154,589.838,0.00000,-0.923,0.786,-0.654,1.114,0.602
4444,-849.947,165.036,618.456,0.00000,-1.821,1.351,-1.708,1.528,1.755
3632,-812.809,163.665,597.031,0.00000,-0.298,0.344,-0.318,0.331,0.405
3631,-814.039,163.549,596.728,0.00000,-0.145,0.275,-0.245,0.212,0.331
3780,-402.462,151.880,316.137,0.00000,-1.800,1.814,-1.822,1.680,1.811
4275,-393.441,141.414,326.249,0.00000,-1.016,0.904,-0.930,0.346,1.402
4275,-392.961,139.953,329.795,-0.83215,-1.016,0.904,-0.931,0.346,1.402
4275,-500.383,139.639,479.248,0.00000,-1.016,0.904,-0.930,0.346,1.402
4275,-500.769,139.639,481.178,-1.26290,-1.016,0.904,-0.930,0.346,1.402
4275,-498.560,139.639,473.201,0.38337,-1.016,0.904,-0.930,0.346,1.402
4238,-501.613,139.448,481.735,-1.16444,-0.446,0.329,-0.290,0.411,1.599
4238,-497.985,140.168,478.314,0.00000,-0.446,0.329,-0.290,0.411,1.599
4238,-498.706,140.168,479.493,0.00000,-0.446,0.329,-0.290,0.411,1.599
4238,-499.674,139.893,477.770,0.00000,-0.446,0.329,-0.290,0.411,1.599
4238,-498.889,140.050,481.034,-1.30608,-0.446,0.329,-0.290,0.411,1.599
4238,-500.238,139.835,482.642,0.00000,-0.446,0.329,-0.290,0.411,1.599
4238,-501.396,139.685,484.947,1.48508,-0.446,0.329,-0.290,0.411,1.599
4238,-502.504,139.808,487.203,-1.07283,-0.446,0.329,-0.290,0.411,1.599
3643,-521.828,140.985,524.889,0.00000,-0.923,0.786,-0.654,1.114,0.602
3642,-519.238,141.013,523.827,0.00000,-0.862,0.962,-0.544,0.927,0.481
3716,-520.415,140.965,523.840,0.00000,-1.087,1.077,-0.781,1.115,0.923
3640,-522.642,140.954,524.313,-2.38132,-0.669,0.994,-0.159,1.625,0.518
3642,-520.079,140.958,522.751,0.00000,-0.862,0.962,-0.544,0.927,0.481
3642,-521.864,140.958,522.823,1.85567,-0.862,0.962,-0.544,0.927,0.481
3642,-517.623,140.864,524.095,1.85567,-0.862,0.962,-0.544,0.927,0.481
3642,-525.051,140.864,526.160,-2.85554,-0.862,0.962,-0.544,0.927,0.481
3643,-523.324,141.097,525.309,0.00000,-0.923,0.786,-0.654,1.114,0.602
3642,-524.253,140.864,532.060,-2.85554,-0.862,0.962,-0.544,0.927,0.481
3643,-527.672,141.097,528.175,2.22722,-0.923,0.786,-0.654,1.114,0.602
3643,-522.955,140.985,525.778,0.00000,-0.923,0.786,-0.654,1.114,0.602
3642,-527.093,141.097,530.803,1.85567,-0.862,0.962,-0.544,0.927,0.481
3642,-528.700,141.097,528.885,1.85567,-0.862,0.962,-0.544,0.927,0.481
3642,-528.647,140.972,530.728,1.85567,-0.862,0.962,-0.544,0.927,0.481
3643,-524.425,140.985,526.529,-1.24715,-0.923,0.786,-0.654,1.114,0.602
3716,-518.325,140.965,525.435,0.00000,-1.087,1.077,-0.781,1.115,0.923
3716,-519.161,140.965,521.647,0.00000,-1.087,1.077,-0.781,1.115,0.923
3642,-521.122,140.958,521.569,-2.82765,-0.862,0.962,-0.544,0.927,0.481
3642,-516.376,140.958,521.952,-2.91500,-0.862,0.962,-0.544,0.927,0.481
3642,-524.898,140.923,524.326,-2.82765,-0.862,0.962,-0.544,0.927,0.481
3642,-527.726,141.034,532.706,-2.82765,-0.862,0.962,-0.544,0.927,0.481
3716,-524.567,140.965,522.744,0.00000,-1.087,1.077,-0.781,1.115,0.923
4275,-507.802,139.484,443.370,0.00000,-1.016,0.904,-0.930,0.346,1.402
4275,-503.538,139.484,442.902,-1.66349,-1.016,0.904,-0.930,0.346,1.402
4238,-494.923,139.472,455.189,0.00000,-0.446,0.329,-0.290,0.411,1.599
4238,-494.554,139.820,458.229,-1.06478,-0.446,0.329,-0.290,0.411,1.599
4238,-493.946,139.472,456.966,0.00000,-0.446,0.329,-0.290,0.411,1.599
4238,-495.765,139.268,456.132,-1.43706,-0.446,0.329,-0.290,0.411,1.599
3726,-905.086,166.825,590.417,0.00000,-1.516,1.457,-0.900,1.106,1.194
3729,-905.036,167.159,587.725,0.00000,-1.516,1.457,-0.900,1.106,1.194
3728,-899.067,166.962,589.326,0.00000,-1.398,1.575,-0.920,1.086,1.194
3728,-898.189,167.059,586.492,0.00000,-1.398,1.575,-0.920,1.086,1.194
3728,-895.720,166.711,590.124,1.09754,-1.398,1.575,-0.920,1.086,1.194
3729,-908.578,166.616,591.312,0.31686,-1.516,1.457,-0.900,1.106,1.194
3631,-906.022,166.533,591.593,0.00000,-0.145,0.275,-0.245,0.212,0.331
3631,-906.556,166.533,589.104,-1.13632,-0.145,0.275,-0.245,0.212,0.331
4444,-904.836,167.121,586.143,1.68058,-1.821,1.351,-1.708,1.528,1.755
4444,-898.174,167.121,583.297,1.17535,-1.821,1.350,-1.708,1.528,1.755
3780,-893.780,166.797,588.575,-2.36562,-1.800,1.814,-1.822,1.680,1.811
3728,-898.635,166.711,590.171,0.00000,-1.398,1.575,-0.920,1.086,1.194
3780,-900.871,166.797,590.394,-1.02965,-1.800,1.814,-1.822,1.680,1.811
3780,-911.901,166.294,590.680,-1.32418,-1.800,1.814,-1.822,1.680,1.811
3780,-908.203,166.294,589.571,0.00000,-1.800,1.814,-1.822,1.680,1.811
3780,-914.953,166.294,593.633,1.35882,-1.800,1.815,-1.822,1.680,1.811
3780,-907.064,166.294,601.211,-1.32418,-1.800,1.814,-1.822,1.680,1.811
3780,-913.740,166.490,603.466,-2.37444,-1.800,1.814,-1.822,1.680,1.811
6116,-470.901,157.572,504.561,0.00000,-0.255,0.255,-0.314,0.323,0.297
6114,-882.323,161.379,603.997,0.00000,-0.255,0.255,-0.314,0.323,0.297
6114,-859.708,161.379,592.071,0.00000,-0.255,0.255,-0.314,0.323,0.297
6114,-833.259,160.799,587.331,0.00000,-0.255,0.255,-0.314,0.323,0.297
6114,-802.698,160.799,575.317,0.00000,-0.255,0.255,-0.314,0.323,0.297
6124,-745.000,185.000,612.000,0.00000,-0.255,0.255,-0.314,0.323,0.297
6115,-728.153,181.526,609.008,0.00000,-0.255,0.255,-0.314,0.323,0.297
3632,270.740,115.802,438.394,0.00000,-0.298,0.344,-0.318,0.331,0.405
3632,271.938,115.802,436.765,-0.74231,-0.298,0.344,-0.318,0.331,0.405
3632,264.704,115.631,441.341,-0.74231,-0.298,0.344,-0.318,0.331,0.405
4444,272.414,116.028,441.542,0.00000,-1.821,1.350,-1.708,1.528,1.755
3632,273.574,114.680,422.182,0.00000,-0.298,0.344,-0.318,0.331,0.405
3633,273.165,114.716,423.359,0.00000,-0.586,0.394,-0.582,0.466,0.708
3780,262.981,114.308,423.466,0.00000,-1.800,1.814,-1.822,1.680,1.811
3780,265.311,115.983,456.116,-0.55921,-1.800,1.814,-1.822,1.680,1.811
3780,265.311,115.983,456.116,-0.55921,-1.800,1.814,-1.822,1.680,1.811
3780,266.301,116.028,465.700,-1.95190,-1.800,1.814,-1.822,1.680,1.811
3780,271.840,115.814,465.774,-0.48963,-1.800,1.814,-1.822,1.680,1.811
6215,166.035,163.477,939.690,0.00000,-0.200,0.200,-0.190,0.190,0.364
6221,166.277,163.477,938.760,0.00000,-0.197,0.197,-0.187,0.187,0.604
6214,157.228,163.528,941.265,0.48220,-0.433,0.433,-0.422,0.422,1.013
6219,168.039,163.701,948.739,0.00000,-0.862,0.457,-0.306,0.962,1.051
6222,167.666,163.703,945.283,0.00000,-0.217,0.217,-0.206,0.206,0.720
6217,167.380,163.705,944.620,0.00000,-0.300,0.300,-0.331,0.329,0.301
6214,166.259,163.704,949.050,0.00000,-0.433,0.433,-0.422,0.422,1.013
6212,202.922,166.713,925.613,0.45418,-1.672,1.646,-1.260,0.306,1.713
4321,15.463,113.400,765.132,0.00000,-1.078,1.252,-0.903,1.651,0.312
4275,-4.663,115.373,760.262,0.00000,-1.016,0.904,-0.931,0.346,1.402
4275,-12.389,115.296,758.022,-1.72079,-1.016,0.904,-0.930,0.346,1.402
3629,-45.653,115.903,601.258,0.00000,-0.719,0.687,-0.666,0.513,0.796
3631,-45.969,115.903,602.235,0.00000,-0.145,0.275,-0.245,0.212,0.331
3632,-47.945,115.810,594.991,0.00000,-0.298,0.344,-0.318,0.331,0.405
7504,550.000,65.000,68.000,-1.29669,-0.639,0.724,-0.511,0.587,1.669
3726,-243.000,57.000,12.000,0.81428,-1.516,1.457,-0.900,1.106,1.194
7546,-370.511,48.135,182.944,0.00000,-0.963,0.942,-0.497,0.846,1.553
6217,186.320,119.092,129.002,0.00000,-0.300,0.300,-0.331,0.329,0.301
6220,188.708,119.047,129.635,0.00000,-0.099,0.087,-0.500,0.503,0.170
6220,188.995,119.013,129.691,0.00000,-0.099,0.087,-0.500,0.503,0.170
6221,189.435,119.029,131.139,-1.17779,-0.197,0.197,-0.187,0.187,0.604
6215,-381.801,123.906,375.214,0.00000,-0.200,0.200,-0.190,0.190,0.364
6220,-381.880,123.842,374.483,0.00000,-0.099,0.087,-0.500,0.503,0.170
6222,-440.055,144.024,324.538,0.04579,-0.217,0.217,-0.206,0.206,0.720
7503,361.092,67.448,-175.352,0.00000,-0.351,0.411,-0.588,0.249,1.712
7705,-34.621,115.730,477.100,0.00000,-1.333,1.301,-0.755,0.841,1.244
7703,-11.941,115.856,476.984,0.00000,-2.150,2.143,-0.773,0.841,1.261
7703,-20.052,115.856,477.217,0.00000,-2.150,2.143,-0.773,0.841,1.261
7703,-52.025,115.885,476.712,0.00000,-2.150,2.143,-0.773,0.841,1.261
7703,-60.136,115.885,476.945,0.00000,-2.150,2.143,-0.773,0.841,1.261
8071,-77.882,115.903,418.410,0.00000,-0.313,0.313,-0.833,0.833,1.163
7701,-62.507,115.894,477.445,1.89974,-0.552,0.560,-0.366,0.258,0.872
7699,-57.492,115.899,477.343,2.07624,-0.394,0.394,-0.290,0.290,0.765
8063,-49.649,115.903,476.456,0.00000,-0.193,0.193,-0.151,0.213,0.357
8066,-46.022,116.306,430.418,-0.97511,-0.282,0.282,-0.374,0.374,0.966
8069,-59.736,115.903,506.230,0.00000,-1.046,1.046,-0.708,0.708,1.253
8069,-63.816,115.903,506.235,-2.44447,-1.046,1.046,-0.708,0.708,1.253
8072,-58.127,115.903,505.402,-2.40913,-0.395,0.395,-0.665,0.665,1.863
7705,-60.344,119.620,639.524,0.90383,-1.333,1.301,-0.755,0.841,1.244
7703,-62.801,119.360,641.981,-2.35619,-2.150,2.143,-0.773,0.841,1.261
8081,-6.084,116.885,537.069,0.00000,-0.969,0.969,-0.969,0.969,0.930
8078,-13.402,116.885,540.582,1.60546,-0.350,0.350,-0.509,0.509,0.858
8064,-7.115,116.885,537.281,-0.81302,-0.497,0.497,-0.472,0.472,0.789
8064,-4.401,116.885,537.775,0.04639,-0.497,0.497,-0.472,0.472,0.789
8070,-127.657,129.972,558.000,1.57080,-0.710,0.711,-0.710,0.711,1.435
8070,-119.540,129.972,558.000,1.57080,-0.710,0.711,-0.710,0.711,1.435
8070,-129.656,130.013,525.963,1.54881,-0.710,0.711,-0.710,0.711,1.435
8070,-121.542,130.013,526.142,1.54881,-0.710,0.711,-0.710,0.711,1.435
7703,-262.780,55.967,160.711,1.57080,-2.150,2.143,-0.773,0.841,1.261
7703,-228.301,58.042,-22.665,1.27682,-2.150,2.143,-0.773,0.841,1.261
7703,-228.477,57.184,-18.191,1.67603,-2.150,2.143,-0.773,0.841,1.261
3903,-636.393,122.000,-610.166,0.00000,-1.051,1.051,-1.500,1.500,1.765
7703,-121.726,46.643,-76.592,-1.08169,-2.150,2.143,-0.773,0.841,1.261
3829,-133.731,49.340,-85.388,-0.47945,-0.756,0.756,-2.224,2.224,0.490
6222,629.824,66.049,-755.213,0.00000,-0.217,0.216,-0.206,0.206,0.720
6217,630.506,66.049,-755.474,0.00000,-0.300,0.300,-0.331,0.329,0.301
6215,631.767,66.053,-755.320,0.00000,-0.200,0.200,-0.190,0.190,0.364
6221,632.126,66.049,-754.931,0.00000,-0.197,0.197,-0.187,0.187,0.604
3903,-633.969,122.000,-611.811,0.00000,-1.051,1.051,-1.500,1.500,1.765
3903,-634.050,122.000,-607.829,0.00000,-1.051,1.051,-1.500,1.500,1.765
4444,-912.093,166.469,591.817,1.17535,-1.821,1.351,-1.708,1.528,1.755
4444,-930.143,170.160,594.747,1.79626,-1.821,1.350,-1.708,1.528,1.755
4444,-925.993,168.744,604.646,-1.85051,-1.821,1.350,-1.708,1.528,1.755
4444,-939.537,174.290,614.299,-1.85051,-1.821,1.350,-1.708,1.528,1.755
8068,55.937,124.481,542.976,0.00000,-0.194,0.194,-0.226,0.226,0.887
8068,53.643,124.481,541.660,0.72642,-0.194,0.194,-0.226,0.226,0.887
8068,52.252,124.481,541.326,0.00000,-0.194,0.194,-0.226,0.226,0.887
8068,49.247,124.481,542.407,0.00000,-0.194,0.194,-0.226,0.226,0.887
8082,48.241,124.481,535.045,0.00000,-0.330,0.330,-0.329,0.329,1.100
8081,56.966,124.595,533.978,0.00000,-0.969,0.969,-0.969,0.969,0.930
8082,48.734,124.481,532.551,0.00000,-0.330,0.330,-0.329,0.329,1.100
8068,47.775,124.481,535.341,0.59406,-0.194,0.194,-0.226,0.226,0.887
8068,47.739,124.481,534.554,0.00000,-0.194,0.194,-0.226,0.226,0.887
8068,47.971,124.481,532.922,0.00000,-0.194,0.194,-0.226,0.226,0.887
8068,48.636,124.481,531.687,0.00000,-0.194,0.194,-0.226,0.226,0.887
8081,72.756,124.993,540.919,0.00000,-0.969,0.969,-0.969,0.969,0.930
8070,69.326,128.208,537.750,0.00000,-0.711,0.710,-0.711,0.710,1.435
8070,69.290,128.203,544.772,0.00000,-0.711,0.710,-0.711,0.710,1.435
8066,73.759,124.993,541.848,1.03791,-0.282,0.282,-0.374,0.374,0.966
8066,73.094,124.993,538.855,2.57736,-0.282,0.282,-0.374,0.374,0.966
8066,71.558,124.993,541.437,-0.22719,-0.282,0.282,-0.374,0.374,0.966
8066,69.031,124.993,544.762,-0.76080,-0.282,0.282,-0.374,0.374,0.966
8081,69.905,124.993,544.014,0.00000,-0.969,0.969,-0.969,0.969,0.930
8066,71.445,124.993,544.862,1.25429,-0.282,0.282,-0.374,0.374,0.966
8068,47.804,124.481,541.186,-2.80365,-0.194,0.194,-0.226,0.226,0.887
8082,47.040,124.481,540.999,-2.80365,-0.330,0.330,-0.329,0.329,1.100
8068,47.172,124.481,540.060,-2.80365,-0.194,0.194,-0.226,0.226,0.887
8066,58.301,124.481,535.372,1.00260,-0.282,0.282,-0.374,0.374,0.966
8066,56.325,124.481,535.256,-0.55538,-0.282,0.282,-0.374,0.374,0.966
8066,57.877,124.481,532.388,2.08891,-0.282,0.282,-0.374,0.374,0.966
6214,185.412,167.022,913.814,-0.71763,-0.433,0.433,-0.422,0.422,1.013
6220,181.358,166.584,909.074,0.00000,-0.099,0.087,-0.500,0.503,0.170
6221,183.217,167.022,909.606,0.00000,-0.197,0.197,-0.187,0.187,0.604
6215,182.698,166.960,909.409,0.00000,-0.200,0.200,-0.190,0.190,0.364
4444,131.013,156.995,418.712,0.00000,-1.821,1.350,-1.708,1.528,1.755
4444,141.386,150.190,392.425,0.00000,-1.821,1.350,-1.708,1.528,1.755
6222,142.923,140.716,412.714,0.00000,-0.217,0.217,-0.206,0.206,0.720
9313,125.554,85.953,-43.115,3.14159,-1.460,1.460,-0.766,0.766,0.710
9313,125.556,85.953,-45.830,3.14159,-1.460,1.460,-0.766,0.766,0.710
8070,119.000,90.964,-46.343,-3.14159,-0.710,0.711,-0.711,0.710,1.435
8070,119.000,90.964,-54.460,-3.14159,-0.710,0.711,-0.711,0.710,1.435
8079,121.712,85.953,-41.378,1.51561,-0.471,0.471,-0.484,0.484,0.795
8078,119.761,85.953,-36.343,0.00000,-0.350,0.350,-0.509,0.509,0.858
9313,112.446,85.953,-43.119,0.00000,-1.460,1.460,-0.766,0.766,0.710
9313,112.448,85.953,-45.833,0.00000,-1.460,1.460,-0.766,0.766,0.710
9320,125.363,85.968,-53.744,0.00000,-1.223,1.225,-0.534,0.534,0.498
9320,125.546,85.968,-51.080,0.00000,-1.223,1.225,-0.534,0.534,0.498
9320,125.637,85.968,-48.361,0.00000,-1.223,1.225,-0.534,0.534,0.498
9320,125.354,85.968,-56.476,0.00000,-1.223,1.225,-0.534,0.534,0.498
6334,114.116,85.953,-53.432,0.00000,-0.259,0.259,-0.134,0.134,0.358
9303,111.567,85.953,-51.579,2.35620,-0.201,0.201,-0.225,0.225,0.376
8079,119.048,85.953,-50.637,0.00000,-0.471,0.471,-0.484,0.484,0.795
9316,113.986,85.953,-49.459,0.00000,-0.356,0.356,-0.385,0.385,0.325
8062,115.766,85.953,-57.849,0.00000,-0.206,0.206,-0.144,0.144,0.661
8065,118.026,85.953,-50.522,-0.78540,-0.260,0.260,-0.367,0.367,0.975
8065,120.098,85.953,-50.538,1.31252,-0.260,0.260,-0.367,0.367,0.975
9321,126.744,85.953,-52.329,1.57080,-0.611,0.611,-0.485,0.485,0.846
9321,126.321,85.953,-55.020,1.57080,-0.611,0.611,-0.485,0.485,0.846
9321,126.312,85.953,-57.620,1.57080,-0.611,0.611,-0.485,0.485,0.846
9321,126.224,85.953,-49.615,1.57080,-0.611,0.611,-0.485,0.485,0.846
9322,123.193,85.953,-42.912,0.00000,-0.609,0.609,-0.523,0.523,0.843
9322,114.817,85.941,-42.779,0.00000,-0.609,0.609,-0.523,0.523,0.843
8006,121.775,86.744,-41.354,1.51561,-0.191,0.191,-0.277,0.172,0.378
8007,121.868,86.744,-41.668,1.51561,-0.135,0.132,-0.208,0.170,0.431
7136,116.358,85.953,-41.556,-0.78540,-0.553,0.553,-0.287,0.292,1.090
9323,125.817,85.921,-38.907,0.00000,-0.606,0.610,-0.525,0.522,0.957
9323,125.947,85.914,-37.496,-0.33129,-0.606,0.610,-0.525,0.522,0.957
8072,125.751,85.021,-61.029,0.00000,-0.395,0.395,-0.665,0.665,1.863
8078,120.958,85.953,-36.585,0.49647,-0.350,0.350,-0.509,0.509,0.858
8078,118.634,85.953,-36.442,-0.28893,-0.350,0.350,-0.509,0.509,0.858
8007,121.848,86.744,-41.038,1.48170,-0.135,0.132,-0.208,0.170,0.431
6132,196.125,168.150,967.262,1.26667,-2.608,2.608,-0.000,1.166,6.399
6132,180.859,168.150,962.471,-1.87492,-2.608,2.608,0.000,1.166,6.399
7705,474.074,81.215,-299.621,0.00000,-1.333,1.301,-0.755,0.841,1.244
7705,476.739,81.215,-298.613,-0.78540,-1.333,1.301,-0.755,0.841,1.244
7705,458.898,81.132,-300.198,3.14159,-1.333,1.301,-0.755,0.841,1.244
7705,456.851,81.132,-298.548,-2.35619,-1.333,1.301,-0.755,0.841,1.244
7705,472.931,81.332,-367.643,0.00000,-1.333,1.301,-0.755,0.841,1.244
7705,480.713,81.332,-368.063,0.00000,-1.333,1.301,-0.755,0.841,1.244
7705,493.090,81.332,-368.115,0.00000,-1.333,1.301,-0.755,0.841,1.244
7705,496.726,81.332,-368.031,0.00000,-1.333,1.301,-0.755,0.841,1.244
3887,473.504,81.265,-289.419,0.00000,-0.583,0.583,-0.583,0.583,1.838
3887,460.117,81.329,-289.239,0.00000,-0.583,0.583,-0.583,0.583,1.838
7705,133.255,84.492,-103.894,0.00000,-1.333,1.301,-0.755,0.841,1.244
7705,124.627,84.282,-97.322,-1.57080,-1.333,1.301,-0.755,0.841,1.244
7703,124.285,84.596,-93.039,-1.02507,-2.150,2.143,-0.773,0.841,1.261
7703,123.156,84.683,-97.143,-1.57080,-2.150,2.143,-0.773,0.841,1.261
7702,136.116,84.771,-102.037,0.00000,-0.635,0.635,-0.419,0.419,0.246
7701,137.767,84.772,-102.502,2.35619,-0.552,0.560,-0.366,0.258,0.872
7699,138.058,84.805,-101.483,2.35619,-0.394,0.394,-0.290,0.290,0.765
7702,136.699,84.771,-100.360,1.11549,-0.635,0.635,-0.419,0.419,0.246
6220,191.330,133.853,815.669,-0.60447,-0.099,0.087,-0.500,0.503,0.170
10425,4.274,113.983,-573.178,-3.10673,-0.594,0.594,-0.527,0.527,1.137
10426,-53.291,115.465,767.798,0.50884,-0.181,0.182,-0.181,0.181,1.290
10426,-65.360,115.458,747.181,0.63252,-0.181,0.182,-0.181,0.181,1.290
10426,-81.260,115.463,742.293,-0.95113,-0.181,0.181,-0.181,0.181,1.290
8062,-133.977,124.969,519.438,-1.57080,-0.206,0.206,-0.144,0.144,0.661
6334,-122.582,124.992,521.337,-1.57080,-0.259,0.259,-0.134,0.134,0.358
7136,-133.486,124.992,528.937,-1.09782,-0.553,0.553,-0.287,0.292,1.090
9323,-138.002,124.959,528.581,-1.58975,-0.606,0.610,-0.525,0.521,0.957
9322,-133.102,124.992,530.414,-1.57080,-0.609,0.609,-0.523,0.523,0.843
9313,-132.899,124.992,532.775,1.57080,-1.460,1.460,-0.766,0.766,0.710
9313,-130.184,124.992,532.778,1.57080,-1.460,1.460,-0.766,0.766,0.710
9320,-127.910,125.007,532.897,-1.57080,-1.223,1.225,-0.534,0.534,0.498
9321,-126.696,124.992,533.464,0.00000,-0.611,0.611,-0.485,0.485,0.846
9320,-125.491,125.007,532.725,-1.57080,-1.223,1.225,-0.534,0.534,0.498
9321,-124.215,124.992,533.526,0.00000,-0.611,0.611,-0.485,0.485,0.846
9320,-122.270,125.007,532.584,-1.57080,-1.223,1.225,-0.534,0.534,0.498
9321,-121.120,124.992,533.510,0.00000,-0.611,0.611,-0.485,0.485,0.846
9320,-119.985,125.007,532.615,-1.57080,-1.223,1.225,-0.534,0.534,0.498
9321,-118.841,124.992,533.573,0.00000,-0.611,0.611,-0.485,0.485,0.846
8062,-116.262,125.022,554.025,1.23014,-0.206,0.206,-0.144,0.144,0.661
6334,-120.548,124.952,552.958,-1.57080,-0.259,0.259,-0.134,0.134,0.358
9303,-122.401,124.952,550.409,0.78540,-0.200,0.201,-0.225,0.225,0.376
9316,-124.350,124.952,553.068,-1.57080,-0.356,0.356,-0.385,0.385,0.325
9313,-128.147,124.952,551.291,-1.57080,-1.460,1.460,-0.766,0.766,0.710
9313,-130.861,124.952,551.289,-1.57080,-1.460,1.460,-0.766,0.766,0.710
9322,-131.201,124.939,553.659,-1.57080,-0.609,0.609,-0.523,0.523,0.843
7136,-132.156,124.952,560.360,-1.17563,-0.553,0.553,-0.287,0.292,1.090
8007,-137.966,127.071,560.995,-0.14896,-0.135,0.132,-0.208,0.170,0.431
8006,-137.585,127.071,560.948,0.00000,-0.191,0.191,-0.277,0.172,0.378
8007,-137.212,127.071,561.069,0.00000,-0.135,0.132,-0.208,0.170,0.431
9323,-135.780,124.919,560.652,-1.57080,-0.607,0.610,-0.525,0.521,0.957
9322,-131.067,124.952,562.035,-1.57080,-0.609,0.609,-0.523,0.523,0.843
9313,-130.864,124.952,564.397,1.57080,-1.460,1.460,-0.766,0.766,0.710
9313,-128.150,124.952,564.399,1.57080,-1.460,1.460,-0.766,0.766,0.710
9320,-125.619,124.967,564.479,-1.57080,-1.223,1.225,-0.534,0.534,0.498
9321,-124.365,124.952,565.067,0.00000,-0.611,0.611,-0.485,0.485,0.846
9320,-122.900,124.967,564.389,-1.57080,-1.223,1.225,-0.534,0.534,0.498
9321,-121.651,124.952,565.586,0.00000,-0.611,0.611,-0.485,0.485,0.846
9320,-120.236,124.967,564.206,-1.57080,-1.223,1.225,-0.534,0.534,0.498
9321,-119.118,124.952,565.083,0.00000,-0.611,0.611,-0.485,0.485,0.846
9320,-117.942,124.967,564.245,-1.57080,-1.223,1.225,-0.534,0.534,0.498
9321,-116.747,124.952,565.148,0.00000,-0.611,0.611,-0.485,0.485,0.846
4435,718.019,84.131,-0.353,0.06526,-0.615,0.704,-0.653,0.647,0.704
4434,711.212,84.843,6.295,0.00000,-0.535,0.753,-0.637,0.663,1.102
4435,718.109,84.300,8.872,-0.33416,-0.615,0.704,-0.653,0.647,0.704
4435,714.201,86.138,13.542,-0.64295,-0.615,0.704,-0.653,0.647,0.704
4435,713.553,85.736,13.995,0.35186,-0.615,0.704,-0.653,0.647,0.704
4434,705.778,85.578,9.696,-0.10453,-0.535,0.753,-0.637,0.663,1.102
4434,705.169,85.519,9.721,-1.18886,-0.535,0.753,-0.637,0.664,1.103
4434,700.407,85.304,17.224,0.03644,-0.535,0.752,-0.637,0.663,1.102
4434,700.276,84.818,17.655,-1.12519,-0.535,0.753,-0.637,0.664,1.103
6220,750.219,97.981,-33.515,0.00000,-0.099,0.087,-0.500,0.503,0.170
6220,749.698,97.981,-34.017,-1.57080,-0.099,0.087,-0.500,0.503,0.170
6220,749.490,97.981,-33.623,-1.23407,-0.099,0.087,-0.500,0.503,0.170
6221,748.806,97.981,-34.638,0.00000,-0.197,0.197,-0.187,0.187,0.604
6221,747.721,97.981,-34.787,0.00000,-0.197,0.197,-0.187,0.187,0.604
6215,748.371,97.981,-34.438,0.00000,-0.200,0.200,-0.190,0.190,0.364
6215,753.755,97.981,-32.603,0.00000,-0.200,0.200,-0.190,0.190,0.364
6222,753.832,97.981,-31.960,0.00000,-0.217,0.216,-0.206,0.206,0.720
6219,754.257,99.105,-34.410,0.14949,-0.862,0.457,-0.306,0.962,1.051
6219,755.686,97.981,-31.051,1.37362,-0.862,0.457,-0.306,0.962,1.051
7503,355.635,62.172,-247.159,0.00000,-0.351,0.411,-0.588,0.249,1.712
6217,3.283,115.466,768.711,0.00000,-0.300,0.300,-0.331,0.329,0.301
6222,4.219,115.466,769.028,0.00000,-0.217,0.217,-0.206,0.206,0.720
6220,4.291,115.466,768.417,-1.57080,-0.099,0.087,-0.500,0.503,0.170
6215,0.754,115.466,771.857,0.00000,-0.200,0.200,-0.190,0.190,0.364
6221,0.369,115.466,772.212,0.00000,-0.197,0.197,-0.187,0.187,0.604
4275,225.751,151.349,1066.546,0.00000,-1.016,0.904,-0.931,0.346,1.402
6221,-764.809,181.105,522.268,0.00000,-0.197,0.197,-0.187,0.187,0.604
6215,-765.327,181.093,522.331,0.00000,-0.200,0.200,-0.190,0.190,0.364
6217,-769.267,180.715,524.660,0.00000,-0.300,0.300,-0.331,0.329,0.301
6222,-768.807,180.741,524.634,0.00000,-0.216,0.217,-0.206,0.206,0.720
7703,31.031,100.168,320.952,-2.83205,-2.150,2.143,-0.773,0.841,1.261
7703,-14.990,99.257,301.556,-0.78540,-2.150,2.143,-0.773,0.841,1.261
7705,-21.489,101.533,312.283,-1.57080,-1.333,1.301,-0.755,0.841,1.244
7703,-11.202,98.877,304.516,-1.04361,-2.150,2.143,-0.773,0.841,1.261
7703,13.629,80.270,98.316,0.00000,-2.150,2.143,-0.773,0.841,1.261
7703,19.535,80.176,106.716,-1.57080,-2.150,2.143,-0.773,0.841,1.261
7705,-26.477,116.566,356.270,-0.78540,-1.333,1.301,-0.755,0.841,1.244
7705,-24.902,116.370,358.060,2.35620,-1.333,1.301,-0.755,0.841,1.244
3780,-150.000,74.000,320.000,-0.87965,-1.800,1.814,-1.822,1.680,1.811
3780,-147.914,75.189,321.245,0.00000,-1.800,1.814,-1.822,1.680,1.811
7705,-117.642,113.378,393.001,0.08670,-1.333,1.301,-0.755,0.841,1.244
3727,61.393,65.765,65.598,0.00000,-1.575,1.398,-1.086,0.920,1.194
4410,62.630,66.188,65.996,0.00000,-1.015,1.072,-0.245,0.604,1.087
3829,-81.833,104.109,237.905,-0.19766,-0.756,0.756,-2.224,2.224,0.490
3780,-210.071,100.752,337.021,0.00000,-1.800,1.814,-1.822,1.680,1.811
3780,-204.809,100.752,337.698,-1.57080,-1.800,1.814,-1.822,1.680,1.811
6214,-449.414,145.609,504.281,-0.47230,-0.433,0.433,-0.422,0.422,1.013
6214,-446.870,145.661,502.587,1.88389,-0.433,0.433,-0.422,0.422,1.013
6221,-456.282,145.598,498.109,0.00000,-0.197,0.197,-0.187,0.187,0.604
6215,-456.507,145.598,497.621,0.00000,-0.200,0.200,-0.190,0.190,0.364
6132,-464.213,135.052,417.215,-2.55609,-2.608,2.608,-0.000,1.166,6.399
6132,-446.529,135.052,443.885,0.58550,-2.608,2.608,-0.000,1.166,6.399
20320,-93.718,116.697,480.403,0.00000,-1.307,1.307,-0.487,0.487,1.007
20321,-85.245,116.697,481.752,-1.57080,-1.307,1.306,-0.487,0.487,1.007
20337,-96.583,116.697,480.330,-0.60867,-0.560,0.708,-0.264,0.276,0.684
20339,-100.409,117.612,486.797,-1.57080,-1.086,1.145,-0.267,0.252,0.624
20325,-100.575,117.612,482.509,-1.57080,-0.930,0.984,-0.267,0.252,0.624
20339,-100.485,119.182,492.893,-1.57080,-1.086,1.145,-0.267,0.252,0.624
20325,-100.543,119.182,490.740,-1.57080,-0.930,0.984,-0.267,0.252,0.624
20337,-96.450,116.697,479.662,-0.60867,-0.560,0.708,-0.264,0.276,0.684
20361,-91.073,116.697,479.717,0.00000,-0.708,0.721,-0.520,0.565,1.181
20361,-89.554,116.697,479.651,0.37308,-0.708,0.721,-0.520,0.565,1.181
20363,-85.616,116.278,476.072,0.23974,-0.708,0.721,-0.520,0.565,1.181
20361,-87.376,116.278,475.403,0.00000,-0.708,0.721,-0.520,0.565,1.181
20324,-100.900,118.800,486.000,-1.57080,-1.782,1.924,-0.259,0.109,1.015
20325,-100.394,119.182,480.607,-1.57080,-0.930,0.984,-0.267,0.252,0.624
20339,-100.407,117.624,491.977,-1.57080,-1.086,1.145,-0.267,0.252,0.624
20325,-100.404,117.624,489.440,-1.57080,-0.930,0.984,-0.267,0.252,0.624
20339,-100.504,117.612,480.352,-1.57080,-1.086,1.145,-0.267,0.252,0.624
20360,16.974,116.751,491.649,0.00000,-1.307,1.307,-0.487,0.487,1.007
20372,2.773,116.278,476.143,0.00000,-0.382,0.382,-0.382,0.382,1.292
20373,9.675,116.278,475.428,0.00000,-0.781,0.778,-0.777,0.757,1.292
20364,23.221,117.665,482.748,1.57080,-1.053,1.274,-0.393,0.126,0.784
20366,23.379,117.665,479.992,1.57080,-1.287,1.143,-0.422,0.116,0.688
20366,23.534,117.665,485.084,1.57080,-1.287,1.143,-0.422,0.116,0.688
20364,23.335,117.665,487.885,1.57080,-1.053,1.274,-0.393,0.126,0.784
20364,23.373,117.665,492.834,1.57080,-1.053,1.274,-0.393,0.126,0.784
20366,23.402,117.665,490.235,1.57080,-1.287,1.143,-0.422,0.116,0.688
20363,9.227,116.751,492.080,0.00000,-0.708,0.721,-0.520,0.565,1.181
20363,10.666,116.751,492.103,0.00000,-0.708,0.721,-0.520,0.565,1.181
20363,9.896,117.921,492.257,-0.24235,-0.708,0.721,-0.520,0.565,1.181
20375,-90.291,116.278,475.022,0.00000,-0.774,0.782,-0.763,0.773,1.292
20372,6.683,116.278,473.914,0.00000,-0.382,0.382,-0.382,0.382,1.292
20363,-34.634,52.000,404.448,0.00000,-0.708,0.721,-0.520,0.565,1.181
20363,-32.622,52.000,404.482,-2.90405,-0.708,0.721,-0.520,0.565,1.181
8071,-33.661,51.981,403.348,1.18958,-0.313,0.313,-0.833,0.833,1.163
20375,-1.546,52.029,412.338,0.00000,-0.774,0.782,-0.763,0.773,1.292
20363,-49.855,52.500,397.283,0.73485,-0.708,0.721,-0.520,0.565,1.181
20363,-48.750,52.500,396.294,0.73485,-0.708,0.721,-0.520,0.565,1.181
20363,-49.427,53.565,396.760,1.13060,-0.708,0.721,-0.520,0.565,1.181
20380,14.650,116.751,491.666,0.00000,-0.813,0.319,-0.590,0.352,1.733
8014,-14.304,48.000,407.880,-3.14159,-0.244,0.215,-0.540,0.276,1.679
8014,-13.517,48.000,407.962,2.93463,-0.244,0.215,-0.540,0.276,1.679
8014,-12.703,48.000,408.350,2.45266,-0.244,0.215,-0.540,0.276,1.679
8079,-12.602,48.000,416.971,0.00000,-0.471,0.471,-0.484,0.484,0.795
8015,-12.619,48.790,416.972,1.57080,-0.325,0.325,-0.406,0.406,0.519
8015,-12.656,48.790,418.703,1.57080,-0.325,0.325,-0.406,0.406,0.519
8079,-12.639,48.000,418.702,0.00000,-0.471,0.471,-0.484,0.484,0.795
8015,-12.734,48.790,413.846,1.45723,-0.325,0.325,-0.406,0.406,0.519
8079,-12.717,48.000,413.848,-0.11357,-0.471,0.471,-0.484,0.484,0.795
8079,-12.689,48.000,412.346,0.00000,-0.471,0.471,-0.484,0.484,0.795
8015,-12.706,48.790,412.347,1.57080,-0.325,0.325,-0.406,0.406,0.519
8009,-13.013,47.999,415.900,-1.57080,-1.512,0.493,-0.393,0.384,1.895
8015,-12.836,48.819,410.677,1.57080,-0.325,0.325,-0.406,0.406,0.519
8079,-12.820,48.028,410.677,0.00000,-0.471,0.471,-0.484,0.484,0.795
8064,-13.907,47.999,419.520,-0.41346,-0.497,0.497,-0.472,0.472,0.789
8064,-13.901,47.999,417.041,-2.50911,-0.497,0.497,-0.472,0.472,0.789
8064,-13.377,47.999,413.815,-1.51463,-0.497,0.497,-0.472,0.472,0.789
8064,-14.269,47.999,412.615,-1.94084,-0.497,0.497,-0.472,0.472,0.789
8064,-14.394,47.999,410.700,-2.72624,-0.497,0.497,-0.472,0.472,0.789
8011,-46.499,116.306,431.484,-1.53082,-0.359,0.346,-0.223,0.188,1.484
20635,-6.000,56.000,398.000,0.00000,-0.045,0.045,-0.045,0.045,1.000
20699,-23.000,48.000,378.000,-3.14159,-1.020,1.020,0.000,1.020,1.716
20700,-19.000,48.000,378.000,-3.14159,-2.020,2.020,0.000,1.020,1.716
20701,-19.000,48.000,382.000,0.00000,-1.020,1.020,-0.000,2.000,1.663
20702,-23.000,49.678,377.000,-3.14159,-1.032,1.032,-1.180,0.820,1.520
20371,-26.354,47.999,381.981,0.00000,-0.382,0.382,-0.382,0.382,1.292
20371,-26.269,47.999,383.057,-2.35619,-0.382,0.382,-0.382,0.382,1.292
20371,-26.407,47.999,384.223,-0.78540,-0.382,0.382,-0.382,0.382,1.292
20699,-15.000,48.000,378.000,-3.14159,-1.020,1.020,0.000,1.020,1.716
20702,-15.000,49.678,377.000,-3.14159,-1.032,1.032,-1.180,0.820,1.520
20371,56.973,124.008,448.577,-0.78540,-0.382,0.382,-0.382,0.382,1.292
8078,56.958,124.008,445.745,0.00000,-0.350,0.350,-0.509,0.509,0.858
8079,57.019,124.008,444.208,-1.57080,-0.471,0.471,-0.484,0.484,0.795
8077,44.557,124.008,443.568,-3.14159,-0.610,0.610,-0.408,0.396,1.166
9327,42.428,125.454,444.411,0.00000,-1.566,1.585,-0.441,0.443,0.208
9324,42.708,124.008,446.136,0.00000,-0.426,0.426,-0.758,0.758,1.722
21051,57.008,124.799,444.142,2.35620,-0.325,0.325,-0.406,0.406,0.519
21048,49.296,124.008,443.494,-3.14159,-0.244,0.215,-0.540,0.276,1.679
21047,48.387,124.008,443.678,-3.14159,-0.244,0.215,-0.540,0.276,1.679
21046,47.542,124.008,443.577,-3.14159,-0.244,0.215,-0.540,0.276,1.679
20372,99.000,55.000,451.000,0.00000,-0.382,0.382,-0.382,0.382,1.292
20372,98.139,55.000,450.249,-0.78540,-0.382,0.382,-0.382,0.382,1.292
20372,97.200,55.000,449.735,-2.74358,-0.382,0.382,-0.382,0.382,1.292
20373,97.087,54.999,447.940,0.00000,-0.781,0.778,-0.777,0.757,1.292
20374,104.926,55.000,430.171,0.00000,-0.774,0.782,-0.763,0.773,1.292
8065,121.980,59.000,408.595,-3.14159,-0.260,0.260,-0.367,0.367,0.975
8065,123.433,59.000,409.722,2.35620,-0.260,0.260,-0.367,0.367,0.975
7136,119.996,59.000,408.334,0.00000,-0.553,0.553,-0.287,0.292,1.090
9323,120.871,59.000,420.213,0.00000,-0.606,0.610,-0.525,0.521,0.957
8072,117.049,59.080,429.553,-0.78540,-0.395,0.395,-0.665,0.665,1.863
8020,104.904,54.999,410.170,0.00000,-0.646,0.645,-0.341,0.345,1.791
8020,102.997,54.999,410.048,-3.14159,-0.646,0.645,-0.341,0.345,1.791
8079,121.522,59.000,410.589,0.00000,-0.471,0.471,-0.484,0.484,0.795
8079,122.568,59.000,414.948,-0.78540,-0.471,0.471,-0.484,0.484,0.795
8065,123.558,59.000,415.643,0.78540,-0.260,0.260,-0.367,0.367,0.975
8065,123.434,59.000,413.985,2.35620,-0.260,0.260,-0.367,0.367,0.975
8079,117.349,59.000,410.143,-1.83295,-0.471,0.471,-0.484,0.484,0.795
8065,117.555,59.000,408.815,3.01088,-0.260,0.260,-0.367,0.367,0.975
8065,116.238,59.000,409.650,-2.38957,-0.260,0.260,-0.367,0.367,0.975
20374,121.732,59.000,448.159,0.00000,-0.774,0.782,-0.763,0.773,1.292
20372,123.528,59.000,450.680,0.00000,-0.382,0.382,-0.382,0.382,1.292
8014,119.493,59.000,470.457,0.00000,-0.244,0.215,-0.540,0.276,1.679
21045,120.359,59.000,470.321,0.00000,-0.244,0.215,-0.540,0.276,1.679
21046,121.241,59.000,470.329,0.00000,-0.244,0.215,-0.540,0.276,1.679
20363,117.330,63.000,448.312,-0.30511,-0.708,0.721,-0.520,0.565,1.181
9303,-761.455,179.396,607.683,-2.35619,-0.201,0.200,-0.225,0.225,0.376
20374,-756.208,179.396,615.671,-0.78540,-0.774,0.782,-0.763,0.773,1.292
20372,-754.856,179.396,615.082,0.00000,-0.382,0.382,-0.382,0.382,1.292
9314,-755.058,192.814,615.054,0.64714,-1.279,0.859,-0.499,0.455,0.321
9316,-756.500,192.814,614.682,-1.06690,-0.356,0.356,-0.385,0.385,0.325
8062,-753.618,192.814,613.916,-2.35619,-0.206,0.206,-0.144,0.144,0.661
9317,-748.623,192.815,610.098,1.97172,-0.266,0.266,-0.294,0.294,1.000
9320,-749.974,179.396,605.528,-0.90564,-1.223,1.225,-0.534,0.534,0.498
20362,-746.899,179.396,610.181,2.17709,-0.708,0.721,-0.520,0.565,1.181
21498,-747.673,179.396,608.656,0.00000,-0.217,0.440,-0.578,0.924,0.708
9320,-759.979,179.396,606.922,-2.47643,-1.223,1.225,-0.534,0.534,0.498
9320,-757.684,179.396,605.206,-2.47643,-1.223,1.225,-0.534,0.534,0.498
21498,-964.680,179.511,654.851,1.62786,-0.217,0.440,-0.578,0.924,0.708
9325,-756.388,179.396,604.333,-0.78540,-0.410,0.410,-0.237,0.209,0.425
9325,-755.988,179.396,603.955,2.47345,-0.410,0.410,-0.237,0.210,0.425
8079,-749.965,192.815,611.152,-0.78540,-0.471,0.471,-0.484,0.484,0.795
9317,-750.814,192.815,611.826,-0.38448,-0.266,0.266,-0.294,0.294,1.000
11284,237.649,89.424,-44.245,-0.78540,-1.333,1.440,-0.755,0.899,1.209
11285,229.342,89.772,-56.099,0.00000,-1.558,1.537,-1.339,1.192,0.852
20362,292.787,171.010,1079.443,-0.78540,-0.708,0.720,-0.520,0.565,1.181
20362,291.985,171.010,1086.579,-0.25922,-0.708,0.720,-0.520,0.565,1.181
9320,286.105,171.010,1086.009,-0.78540,-1.223,1.225,-0.534,0.534,0.498
9320,285.895,171.010,1079.331,-2.35619,-1.223,1.225,-0.534,0.534,0.498
9325,287.039,171.010,1078.258,-0.78540,-0.410,0.410,-0.237,0.209,0.425
9326,287.023,171.010,1087.275,0.00000,-0.221,0.221,-0.211,0.210,0.768
20362,293.091,171.010,1085.723,-0.33460,-0.708,0.720,-0.520,0.565,1.181
21569,726.576,115.818,13.043,0.00000,-0.720,0.914,-0.296,0.631,0.002
21478,747.468,97.161,-29.332,0.00000,-1.043,1.176,-0.934,1.217,1.000
21477,750.966,97.149,-27.878,1.88681,-0.972,1.028,-1.208,1.355,1.000
21479,292.591,80.895,-418.034,0.00000,-1.183,1.119,-0.910,1.306,1.000
21476,293.663,80.895,-405.157,1.66127,-0.997,1.003,-0.843,1.314,1.000
20361,-35.488,48.000,455.357,-0.54941,-0.708,0.721,-0.520,0.565,1.181
20375,-33.029,48.000,456.381,0.00000,-0.774,0.782,-0.763,0.773,1.292
21817,-34.752,48.000,471.157,1.57080,-0.503,0.503,-0.532,0.846,1.045
20375,-27.961,47.999,427.845,0.00000,-0.774,0.782,-0.763,0.773,1.292
20375,-21.361,47.999,427.488,-1.57080,-0.774,0.782,-0.763,0.773,1.292
20375,-27.620,47.999,420.159,-3.14159,-0.774,0.782,-0.763,0.773,1.292
20375,-27.611,47.999,422.449,-3.14159,-0.774,0.782,-0.763,0.773,1.292
20361,-24.796,47.999,421.890,-0.78540,-0.708,0.721,-0.520,0.565,1.181
20361,-24.729,47.999,419.279,-1.57080,-0.708,0.720,-0.520,0.565,1.181
20371,-25.220,47.999,427.466,0.00000,-0.382,0.382,-0.382,0.382,1.292
20371,-24.263,47.999,427.981,-1.57080,-0.382,0.382,-0.382,0.382,1.292
20371,-23.917,47.999,425.728,-0.78540,-0.382,0.382,-0.382,0.382,1.292
20375,-4.524,47.999,427.313,0.00000,-0.774,0.782,-0.763,0.773,1.292
20375,-7.624,47.999,427.265,-3.14159,-0.774,0.782,-0.763,0.773,1.292
20362,-8.587,47.999,423.969,0.00000,-0.708,0.721,-0.520,0.565,1.181
20362,-9.491,47.999,422.700,-3.14159,-0.708,0.721,-0.520,0.565,1.181
20375,-16.331,48.000,425.420,-3.14159,-0.774,0.782,-0.763,0.773,1.292
6116,-506.761,153.960,450.312,0.00000,-0.255,0.255,-0.314,0.323,0.297
6116,-513.877,163.771,546.903,0.00000,-0.255,0.255,-0.314,0.323,0.297
7478,-595.391,122.269,-597.308,0.00000,-2.226,2.226,-2.499,2.448,0.507
7478,-583.799,122.644,-628.145,0.00000,-2.226,2.226,-2.499,2.448,0.507
7478,-864.748,134.444,-814.233,0.00000,-2.226,2.226,-2.499,2.448,0.507
7478,-795.561,138.745,-887.299,0.00000,-2.226,2.226,-2.499,2.448,0.507
7478,-589.315,183.732,-1091.641,0.00000,-2.226,2.226,-2.499,2.449,0.507
7478,-560.029,183.732,-1089.745,0.00000,-2.226,2.226,-2.499,2.449,0.507
7478,-175.804,116.466,-679.622,0.00000,-2.226,2.226,-2.499,2.448,0.507
7478,-189.016,116.466,-701.592,0.00000,-2.226,2.226,-2.499,2.448,0.507
20375,-64.078,47.943,457.500,0.00000,-0.774,0.782,-0.763,0.773,1.292
20375,-60.192,47.943,456.385,0.00000,-0.774,0.782,-0.763,0.773,1.292
20700,-38.827,48.000,469.982,0.00000,-2.020,2.020,-0.000,1.020,1.716
20700,-42.927,48.000,469.990,0.00000,-2.020,2.020,-0.000,1.020,1.716
20699,-46.000,48.000,470.000,0.00000,-1.020,1.020,-0.000,1.020,1.716
8022,-47.151,48.791,470.914,-0.54375,-0.161,0.161,-0.114,0.118,0.476
8079,-47.165,48.000,470.928,0.00000,-0.471,0.471,-0.484,0.484,0.795
20699,-60.528,48.000,470.217,0.00000,-1.020,1.020,-0.000,1.020,1.716
20700,-57.455,48.000,470.207,0.00000,-2.020,2.020,-0.000,1.020,1.716
8022,-54.498,48.791,470.630,0.24165,-0.161,0.161,-0.114,0.118,0.476
8079,-54.512,48.000,470.644,0.00000,-0.471,0.471,-0.484,0.484,0.795
20701,-56.760,50.000,477.994,0.00000,-1.020,1.020,-0.000,2.000,1.663
20702,-52.693,51.691,479.017,0.00000,-1.032,1.032,-1.180,0.820,1.520
20700,-53.692,50.000,478.020,0.00000,-2.020,2.020,-0.000,1.020,1.716
20699,-50.572,50.000,478.008,0.00000,-1.020,1.020,-0.000,1.020,1.716
20701,-48.488,50.000,480.008,-3.14159,-1.020,1.020,0.000,2.000,1.663
20699,-46.378,50.000,478.019,0.00000,-1.020,1.020,-0.000,1.020,1.716
20702,-44.285,51.691,479.090,0.00000,-1.032,1.032,-1.180,0.820,1.520
20700,-43.283,50.000,478.024,0.00000,-2.020,2.020,-0.000,1.020,1.716
20701,-40.192,50.035,477.990,-0.00000,-1.020,1.020,-0.000,2.000,1.663
20699,-46.000,48.000,462.000,0.00000,-1.020,1.020,-0.000,1.020,1.716
20700,-42.927,48.000,461.990,0.00000,-2.020,2.020,-0.000,1.020,1.716
20699,-55.000,48.000,462.000,0.00000,-1.020,1.020,-0.000,1.020,1.716
20700,-51.927,48.000,461.990,0.00000,-2.020,2.020,-0.000,1.020,1.716
20375,-18.100,52.000,449.799,0.00000,-0.774,0.782,-0.763,0.773,1.292
20361,-17.837,52.000,452.390,-0.54941,-0.708,0.721,-0.520,0.565,1.181
20375,-21.024,52.000,450.010,0.00000,-0.774,0.782,-0.763,0.773,1.292
20371,-23.712,52.000,449.605,0.00000,-0.382,0.382,-0.382,0.382,1.292
20371,-24.762,52.000,449.442,-1.57080,-0.382,0.382,-0.382,0.382,1.292
20375,-17.734,52.000,457.457,0.00000,-0.774,0.782,-0.763,0.773,1.292
20361,-17.160,52.000,455.471,-1.33481,-0.708,0.721,-0.520,0.565,1.181
20361,-17.076,53.165,455.479,1.80679,-0.708,0.721,-0.520,0.565,1.181
20362,-75.163,52.000,449.283,0.00000,-0.708,0.721,-0.520,0.565,1.181
20362,-77.900,52.000,455.421,-0.78540,-0.708,0.721,-0.520,0.565,1.181
6174,-464.051,78.395,-330.200,0.00000,-0.745,0.485,-0.781,0.709,0.997
6174,-464.952,55.226,-577.184,0.00000,-0.745,0.485,-0.781,0.709,0.997
6172,-456.475,51.285,-575.910,0.00000,-0.877,0.634,-0.608,0.539,1.695
20782,-518.391,61.712,-656.606,0.00000,-0.740,0.740,-0.703,0.704,1.356
20782,-503.775,58.053,-658.432,-2.35748,-0.740,0.740,-0.704,0.703,1.356
20782,-500.283,51.764,-617.889,-1.88963,-0.740,0.740,-0.704,0.703,1.356
7751,-298.212,46.392,-258.984,-2.35619,-2.350,2.657,-2.015,1.295,1.958
7751,-251.750,46.861,-230.649,-1.57080,-2.350,2.657,-2.015,1.295,1.958
7751,-448.118,47.068,-450.633,2.35620,-2.350,2.657,-2.015,1.295,1.958
20782,-647.331,121.967,-617.788,-0.34536,-0.740,0.740,-0.704,0.704,1.356
20782,-648.360,121.967,-639.514,-2.72395,-0.740,0.740,-0.704,0.703,1.356
20782,-678.485,121.967,-618.414,0.41765,-0.740,0.740,-0.703,0.704,1.356
20782,-679.514,121.967,-640.140,2.79623,-0.740,0.740,-0.704,0.704,1.356
7703,-232.475,56.414,16.963,-1.57080,-2.150,2.143,-0.773,0.841,1.261
11284,-232.485,56.390,20.131,-1.57080,-1.333,1.441,-0.755,0.899,1.209
7705,-229.136,56.404,15.517,0.00000,-1.333,1.301,-0.755,0.841,1.244
7703,-214.910,56.414,16.478,-1.57080,-2.150,2.143,-0.773,0.841,1.261
11284,-214.920,56.390,19.646,-1.57080,-1.333,1.441,-0.755,0.899,1.209
7705,-218.535,56.404,15.092,0.00000,-1.333,1.301,-0.755,0.841,1.244
7703,-214.674,56.414,30.092,-1.57080,-2.150,2.143,-0.773,0.841,1.261
7705,-216.727,56.404,28.762,0.00000,-1.333,1.301,-0.755,0.841,1.244
7705,-217.327,56.404,44.464,-3.14159,-1.333,1.301,-0.755,0.841,1.244
7703,-215.321,56.414,43.316,1.57080,-2.150,2.143,-0.773,0.841,1.261
21705,-231.070,64.438,-0.253,0.00000,-1.548,1.039,-1.868,0.414,0.603
21705,-216.972,64.438,-0.262,0.00000,-1.548,1.039,-1.868,0.414,0.603
7751,-391.640,72.308,-253.187,0.00000,-2.350,2.657,-2.015,1.295,1.958
20363,53.665,124.008,457.171,0.00000,-0.708,0.721,-0.520,0.565,1.181
20363,53.672,124.008,456.009,0.00000,-0.708,0.721,-0.520,0.565,1.181
20371,57.007,124.008,447.755,-1.57080,-0.382,0.382,-0.382,0.382,1.292
20371,57.011,124.008,446.912,-3.14159,-0.382,0.382,-0.382,0.382,1.292
20371,56.262,124.008,447.331,-3.14159,-0.382,0.382,-0.382,0.382,1.292
20371,56.247,124.008,448.126,-3.14159,-0.382,0.382,-0.382,0.382,1.292
22252,640.722,88.012,93.625,2.35619,-0.351,0.351,-0.004,0.004,0.338
22183,640.722,87.109,93.625,2.35619,-0.351,0.351,-0.004,0.004,0.338
20829,-465.023,79.323,-895.136,0.00000,-1.661,1.651,-1.180,1.180,1.848
20830,-443.736,79.094,-883.261,-1.57080,-1.661,1.651,-2.358,2.358,1.848
20826,-449.168,79.207,-884.876,0.00000,-0.973,0.969,-0.957,0.944,1.190
7703,19.663,61.474,4.469,0.79612,-2.150,2.143,-0.773,0.841,1.261
21046,21.321,116.843,531.335,1.57079,-0.244,0.215,-0.540,0.276,1.679
21047,-6.863,116.885,517.195,2.46815,-0.244,0.215,-0.540,0.276,1.679
21049,14.671,117.765,538.599,1.57079,-0.325,0.325,-0.406,0.406,0.519
8077,16.833,116.885,540.459,-1.57079,-0.610,0.610,-0.408,0.396,1.166
8081,-0.902,116.885,524.166,-1.57079,-0.969,0.969,-0.969,0.969,0.930
9328,16.618,116.785,541.795,-1.57079,-0.588,0.587,-0.142,0.142,1.115
21046,13.617,116.885,541.689,-0.03494,-0.244,0.215,-0.540,0.276,1.679
8066,17.821,116.885,523.509,-1.65323,-0.282,0.282,-0.374,0.374,0.966
8066,18.203,116.885,519.794,-1.32350,-0.282,0.282,-0.374,0.374,0.966
8066,25.334,116.885,530.837,-0.53813,-0.282,0.282,-0.374,0.374,0.966
8066,27.338,116.885,526.583,-1.57186,-0.282,0.282,-0.374,0.374,0.966
8020,18.271,116.885,545.598,-0.87976,-0.646,0.645,-0.341,0.345,1.791
20362,14.812,118.137,523.099,0.78540,-0.708,0.721,-0.520,0.565,1.181
20362,1.934,118.163,545.843,-1.57079,-0.708,0.720,-0.520,0.565,1.181
20362,10.016,116.885,545.207,-1.59536,-0.708,0.720,-0.520,0.565,1.181
8020,17.271,116.885,542.809,1.72281,-0.646,0.645,-0.341,0.345,1.791
9316,17.312,117.062,543.033,1.72281,-0.356,0.356,-0.385,0.385,0.325
9316,17.191,118.382,542.766,0.15201,-0.356,0.356,-0.385,0.385,0.325
8066,-8.819,116.885,546.413,1.61477,-0.282,0.282,-0.374,0.374,0.966
8070,21.288,121.309,539.194,0.00000,-0.711,0.710,-0.711,0.710,1.435
8070,21.313,121.309,524.321,-3.14159,-0.710,0.711,-0.710,0.711,1.435
8020,17.504,116.885,544.279,-1.29592,-0.646,0.645,-0.341,0.345,1.791
8064,13.937,116.885,538.650,-1.48635,-0.497,0.497,-0.472,0.472,0.789
8064,12.654,116.885,525.534,1.71097,-0.497,0.497,-0.472,0.472,0.789
8064,2.554,116.885,522.881,-2.97912,-0.497,0.497,-0.472,0.472,0.789
20362,13.278,116.885,524.173,-0.39464,-0.708,0.720,-0.520,0.565,1.181
8066,16.881,116.885,526.635,-1.53353,-0.282,0.282,-0.374,0.374,0.966
8066,16.917,116.885,528.056,-1.37645,-0.282,0.282,-0.374,0.374,0.966
8066,16.821,116.885,535.379,-2.16185,-0.282,0.282,-0.374,0.374,0.966
8066,16.892,116.885,536.614,-1.53353,-0.282,0.282,-0.374,0.374,0.966
21045,-12.840,116.885,517.890,-2.26792,-0.244,0.215,-0.540,0.276,1.679
21477,-872.774,125.350,-620.904,0.15408,-0.972,1.028,-1.208,1.355,1.000
21478,-874.651,125.480,-616.876,0.14094,-1.043,1.176,-0.934,1.217,1.000
21479,-868.377,125.577,-617.299,0.00000,-1.183,1.119,-0.910,1.306,1.000
21479,-863.169,125.156,-624.855,-0.78540,-1.183,1.119,-0.910,1.306,1.000
24761,-859.586,125.156,-617.174,-0.78540,-1.302,1.175,-1.143,0.857,1.000
24761,-879.568,125.156,-619.078,-2.35619,-1.302,1.175,-1.143,0.857,1.000
24762,-866.616,127.444,-611.066,0.32314,-1.085,0.914,-1.266,1.158,1.000
6174,-944.489,125.876,-612.913,0.00000,-0.745,0.485,-0.781,0.709,0.997
7751,-882.887,124.763,-615.590,-1.57080,-2.350,2.657,-2.015,1.295,1.958
4434,-797.935,120.926,514.422,0.46052,-0.535,0.753,-0.637,0.663,1.103
4435,-796.554,120.443,513.922,0.43535,-0.615,0.704,-0.653,0.647,0.704
4434,-796.109,121.134,518.001,0.46052,-0.535,0.753,-0.637,0.663,1.103
4434,-794.835,120.509,519.111,-0.32487,-0.535,0.753,-0.637,0.663,1.102
4434,-793.861,120.736,521.575,1.24592,-0.535,0.753,-0.637,0.664,1.103
4435,-794.347,120.246,518.980,0.43535,-0.615,0.704,-0.653,0.647,0.704
4435,-790.884,120.677,513.511,-2.70624,-0.615,0.704,-0.653,0.647,0.704
4434,-789.809,120.622,515.590,-1.89567,-0.535,0.752,-0.637,0.663,1.102
4435,-785.699,120.483,518.500,-1.92084,-0.615,0.704,-0.653,0.647,0.703
4434,-785.447,120.747,518.062,-2.68107,-0.535,0.752,-0.637,0.664,1.102
4435,-789.489,120.690,524.455,0.44381,-0.615,0.704,-0.653,0.647,0.704
4434,-790.816,121.305,524.955,0.46648,-0.535,0.753,-0.637,0.663,1.102
4435,-784.486,121.704,530.987,-3.07226,-0.615,0.704,-0.653,0.647,0.704
4434,-782.988,122.081,530.948,-3.04802,-0.535,0.753,-0.637,0.664,1.102
4434,-784.809,123.023,533.828,2.62324,-0.535,0.753,-0.637,0.664,1.102
22435,824.668,159.233,514.780,-1.81153,-0.351,0.351,-0.004,0.004,0.338
22324,825.466,160.831,512.299,-1.86251,-0.351,0.351,-0.004,0.004,0.338
22246,826.162,159.233,509.760,-1.95773,-0.351,0.351,-0.004,0.004,0.338
7478,-751.730,130.620,-639.086,0.00000,-2.226,2.226,-2.499,2.448,0.507
7478,-743.107,126.375,-603.366,0.00000,-2.226,2.226,-2.499,2.448,0.507
8066,31.959,48.000,471.692,-2.35619,-0.282,0.282,-0.374,0.374,0.966
21046,30.406,48.000,464.756,3.14158,-0.244,0.215,-0.540,0.276,1.679
8011,29.611,48.000,464.832,3.14158,-0.359,0.346,-0.223,0.188,1.484
8009,27.510,48.000,464.515,2.70634,-1.512,0.493,-0.393,0.384,1.895
8007,33.887,48.959,465.032,-2.35621,-0.135,0.132,-0.208,0.171,0.431
21049,33.358,48.959,465.077,3.14158,-0.325,0.325,-0.406,0.406,0.519
8006,32.768,48.959,464.782,3.14158,-0.191,0.191,-0.277,0.172,0.378
8004,31.833,49.028,464.899,1.18884,-0.105,0.145,-0.248,0.518,0.553
8018,32.009,48.959,465.493,1.73165,-0.133,0.198,-0.124,0.039,0.597
8003,36.371,49.027,468.290,0.78539,-0.095,0.098,-0.199,0.169,0.259
8004,31.691,49.028,465.105,3.14158,-0.105,0.145,-0.248,0.518,0.553
6188,32.616,48.000,464.930,3.14158,-1.658,1.658,-0.746,0.668,0.959
8064,32.310,48.000,466.491,-0.34620,-0.497,0.497,-0.472,0.472,0.789
21047,34.392,48.000,466.196,1.96842,-0.244,0.215,-0.540,0.276,1.679
21049,32.258,48.959,494.852,0.00000,-0.325,0.325,-0.406,0.406,0.519
6188,33.000,48.000,495.000,0.00000,-1.658,1.658,-0.746,0.668,0.959
8006,32.848,48.959,495.148,0.00000,-0.191,0.191,-0.277,0.172,0.378
8004,33.783,49.028,495.031,-1.95275,-0.105,0.145,-0.248,0.518,0.553
8004,33.925,49.028,494.825,0.00000,-0.105,0.145,-0.248,0.518,0.553
8064,32.384,48.000,494.338,-3.14159,-0.497,0.497,-0.472,0.472,0.789
8009,29.104,47.975,494.720,-3.14158,-1.512,0.493,-0.393,0.384,1.895
8011,30.196,48.000,494.348,-0.00001,-0.359,0.346,-0.223,0.187,1.484
21046,27.702,47.766,494.584,-0.78541,-0.244,0.215,-0.540,0.276,1.679
8066,32.000,48.000,485.500,2.65769,-0.282,0.282,-0.374,0.374,0.966
20375,36.014,52.007,507.432,0.00000,-0.774,0.782,-0.763,0.773,1.292
20374,11.680,52.007,500.965,0.00000,-0.774,0.782,-0.763,0.773,1.292
20374,11.583,52.007,502.551,0.00000,-0.774,0.782,-0.763,0.773,1.292
20374,11.539,53.304,501.777,0.00000,-0.774,0.782,-0.763,0.773,1.292
20375,19.541,52.006,508.385,0.00000,-0.774,0.782,-0.763,0.773,1.292
20361,18.494,52.007,505.416,-0.32655,-0.708,0.721,-0.520,0.565,1.181
20361,17.103,52.007,507.614,-1.11195,-0.708,0.721,-0.520,0.565,1.181
20363,34.055,47.999,489.966,-0.19033,-0.708,0.721,-0.520,0.565,1.181
20586,38.000,52.000,496.000,0.00000,-2.156,2.156,-2.156,2.155,0.175
20586,38.000,52.000,480.000,0.00000,-2.156,2.156,-2.156,2.155,0.175
20586,38.000,52.000,464.000,0.00000,-2.156,2.156,-2.156,2.155,0.175
20586,24.000,52.000,464.000,0.00000,-2.156,2.156,-2.156,2.155,0.175
20586,24.000,52.000,496.000,0.00000,-2.156,2.156,-2.156,2.155,0.175
20363,-311.019,56.835,90.277,-1.57080,-0.708,0.721,-0.520,0.565,1.181
20363,-316.415,56.835,95.410,-1.91230,-0.708,0.721,-0.520,0.565,1.181
9303,-310.484,56.835,91.236,-3.14159,-0.201,0.200,-0.225,0.225,0.376
9303,-310.952,56.835,91.271,2.83352,-0.201,0.200,-0.225,0.225,0.376
20371,-310.413,56.835,92.683,-1.57080,-0.382,0.382,-0.382,0.382,1.292
20371,-310.102,56.835,93.802,-2.35619,-0.382,0.382,-0.382,0.382,1.292
20371,-311.031,56.835,93.802,-2.35619,-0.382,0.382,-0.382,0.382,1.292
9303,-311.738,56.835,90.423,2.35620,-0.201,0.201,-0.225,0.225,0.376
9320,-325.238,56.835,85.334,-1.57080,-1.223,1.225,-0.534,0.534,0.498
8079,-331.214,56.821,91.751,-1.79249,-0.471,0.471,-0.484,0.484,0.795
8079,-331.273,56.821,95.117,-1.53801,-0.471,0.471,-0.484,0.484,0.795
8078,-328.160,56.835,83.668,1.57080,-0.350,0.350,-0.509,0.509,0.858
9320,-325.173,56.835,88.553,-1.57080,-1.223,1.225,-0.534,0.534,0.498
9326,-324.971,57.038,83.734,-3.14159,-0.221,0.221,-0.211,0.211,0.768
9326,-328.234,57.883,84.002,1.33064,-0.221,0.221,-0.211,0.211,0.768
8072,-308.907,56.764,98.759,-1.16116,-0.395,0.395,-0.665,0.665,1.863
9317,-331.311,56.821,96.351,-0.52982,-0.266,0.266,-0.294,0.294,1.000
9317,-331.744,56.892,94.110,-2.77451,-0.266,0.266,-0.294,0.294,1.000
9317,-331.334,56.821,92.721,-0.41832,-0.266,0.266,-0.294,0.294,1.000
9317,-331.313,56.821,90.611,-1.98912,-0.266,0.266,-0.294,0.294,1.000
7703,-1.794,47.849,-56.696,-0.37619,-2.150,2.143,-0.773,0.841,1.261
11284,-36.633,47.466,-71.069,-0.13984,-1.333,1.441,-0.755,0.899,1.209
11284,-41.377,47.584,-71.699,3.00175,-1.333,1.441,-0.755,0.899,1.209
11284,-17.702,47.431,-60.184,-0.64547,-1.333,1.441,-0.755,0.899,1.209
11284,-21.452,47.862,-62.729,2.56818,-1.333,1.441,-0.755,0.899,1.209
6174,-3.795,50.877,-8.314,0.00000,-0.745,0.485,-0.781,0.709,0.997
6176,-3.276,50.863,-7.726,0.00000,-0.403,0.496,-0.469,0.572,0.817
6172,-5.666,49.203,-12.202,0.00000,-0.877,0.634,-0.608,0.539,1.695
6174,-24.170,48.310,-22.803,0.00000,-0.745,0.485,-0.781,0.709,0.997
6172,-26.041,46.637,-26.691,0.00000,-0.877,0.634,-0.608,0.539,1.695
6172,11.890,48.730,-66.182,0.00000,-0.877,0.634,-0.608,0.539,1.695
6174,13.761,50.403,-62.294,0.00000,-0.745,0.485,-0.781,0.709,0.997
22146,360.183,86.725,609.523,0.00000,-0.351,0.351,-0.004,0.004,0.338
22151,360.600,89.300,610.483,0.00000,-0.351,0.351,-0.004,0.004,0.338
22208,358.000,90.850,610.483,0.00000,-0.351,0.351,-0.004,0.004,0.338
22308,355.400,89.300,610.483,0.00000,-0.351,0.351,-0.004,0.004,0.338
22296,355.800,86.700,610.483,0.00000,-0.351,0.351,-0.004,0.004,0.338
22146,360.200,86.700,610.483,0.00000,-0.351,0.351,-0.004,0.004,0.338
22151,360.583,89.325,609.523,0.00000,-0.351,0.351,-0.004,0.004,0.338
22208,357.983,90.875,609.523,0.00000,-0.351,0.351,-0.004,0.004,0.338
22308,355.383,89.325,609.523,0.00000,-0.351,0.351,-0.004,0.004,0.338
22296,355.783,86.725,609.523,0.00000,-0.351,0.351,-0.004,0.004,0.338
22275,824.820,156.700,514.422,-1.85710,-0.351,0.351,-0.004,0.004,0.338
22296,826.063,156.700,510.201,-1.85710,-0.351,0.351,-0.004,0.004,0.338
22275,825.745,156.725,514.677,-1.85710,-0.351,0.351,-0.004,0.004,0.338
22435,825.621,159.269,515.098,-1.85710,-0.351,0.351,-0.004,0.004,0.338
22324,826.391,160.856,512.554,-1.86251,-0.351,0.351,-0.004,0.004,0.338
22246,827.088,159.258,510.014,-1.95773,-0.351,0.351,-0.004,0.004,0.338
22296,826.986,156.715,510.461,-1.85710,-0.351,0.351,-0.004,0.004,0.338
11284,-112.038,55.555,-115.178,0.48089,-1.333,1.441,-0.755,0.899,1.209
11284,-111.813,55.599,-118.114,-1.12763,-1.333,1.441,-0.755,0.899,1.209
11285,-116.722,55.829,-113.689,-0.26961,-1.558,1.537,-1.339,1.192,0.852
11284,-97.727,51.507,-82.407,2.83589,-1.333,1.441,-0.755,0.899,1.209
7701,-95.773,50.083,-78.906,2.81991,-0.552,0.560,-0.366,0.258,0.872
7703,-91.118,51.921,-88.057,-1.10383,-2.150,2.143,-0.773,0.841,1.261
11284,-89.954,52.364,-85.487,-1.26287,-1.333,1.441,-0.755,0.899,1.209
11285,-92.358,51.983,-90.420,-0.91544,-1.558,1.537,-1.339,1.191,0.852
7702,-92.576,52.735,-88.824,-0.79158,-0.635,0.635,-0.419,0.419,0.246
20654,-99.656,52.013,-91.557,2.75132,-0.874,1.126,-1.002,1.010,1.000
11295,-113.800,49.935,-92.483,-1.73554,-1.012,0.988,-1.124,1.288,1.000
11285,-74.062,53.507,-51.753,0.40746,-1.558,1.537,-1.339,1.192,0.852
11284,-82.109,51.686,-67.489,-2.37640,-1.333,1.441,-0.755,0.899,1.209
11284,-77.886,51.667,-67.757,-0.50300,-1.333,1.441,-0.755,0.899,1.209
11284,-77.178,52.612,-68.845,-0.47854,-1.333,1.441,-0.755,0.899,1.209
11284,-85.882,51.468,-65.616,-2.44531,-1.333,1.441,-0.755,0.899,1.209
11296,-75.497,53.388,-55.882,0.24244,-1.091,0.908,-0.956,1.273,1.000
6172,-73.578,51.530,-64.752,-1.15882,-0.877,0.634,-0.608,0.539,1.695
11284,-71.055,52.520,-59.135,1.78020,-1.333,1.441,-0.755,0.899,1.209
11285,-123.215,46.402,-78.775,0.20938,-1.558,1.537,-1.339,1.192,0.852
7703,-46.137,47.479,-125.029,-0.01658,-2.150,2.143,-0.773,0.841,1.261
11284,-41.691,47.978,-119.619,-2.27458,-1.333,1.441,-0.755,0.899,1.209
11285,-49.364,49.084,-126.448,0.27384,-1.558,1.537,-1.339,1.192,0.852
11285,-49.269,48.320,-124.922,-0.89375,-1.558,1.537,-1.339,1.191,0.852
11285,-50.563,48.906,-125.232,0.02135,-1.558,1.537,-1.339,1.192,0.852
20782,-0.907,53.101,-172.942,1.49958,-0.740,0.740,-0.704,0.704,1.356
20782,-5.946,55.320,-132.662,-2.50749,-0.740,0.740,-0.704,0.704,1.356
20782,15.814,52.631,-147.548,2.16767,-0.740,0.740,-0.704,0.704,1.356
11284,-4.596,48.198,-57.326,-3.08231,-1.333,1.441,-0.755,0.899,1.209
11284,-6.652,47.489,-54.924,-1.44411,-1.333,1.441,-0.755,0.899,1.209
11285,1.134,48.154,-51.742,-0.33133,-1.558,1.537,-1.339,1.192,0.852
11284,-37.984,48.234,-77.767,-2.14159,-1.333,1.441,-0.755,0.899,1.209
11284,-30.335,47.842,-75.236,-1.70202,-1.333,1.441,-0.755,0.899,1.209
7702,2.368,48.979,-51.299,1.22810,-0.635,0.635,-0.419,0.419,0.246
7703,82.238,51.124,-130.860,0.00000,-2.150,2.143,-0.773,0.841,1.261
11285,79.602,51.423,-130.847,0.00000,-1.558,1.537,-1.339,1.192,0.852
7703,111.517,53.590,-136.497,-0.23020,-2.150,2.143,-0.773,0.841,1.261
7703,115.270,53.551,-135.087,-0.46237,-2.150,2.143,-0.773,0.841,1.261
7703,131.677,52.597,-136.258,-1.57079,-2.150,2.143,-0.773,0.841,1.261
7703,138.412,50.163,-144.351,0.30245,-2.150,2.143,-0.773,0.841,1.261
7703,142.310,49.918,-145.730,0.35253,-2.150,2.143,-0.773,0.841,1.261
11285,144.573,50.349,-145.467,-0.56961,-1.558,1.537,-1.339,1.192,0.852
11284,131.504,54.075,-135.265,1.51144,-1.333,1.440,-0.755,0.899,1.209
11284,110.319,54.662,-136.782,-0.22659,-1.333,1.441,-0.755,0.899,1.209
11284,116.126,54.662,-134.680,2.74504,-1.333,1.441,-0.755,0.899,1.209
7705,153.161,50.061,-143.984,-0.48217,-1.333,1.301,-0.755,0.841,1.244
11284,155.062,49.980,-142.802,-0.52766,-1.333,1.440,-0.755,0.899,1.209
20782,100.645,49.256,-237.139,0.51653,-0.740,0.740,-0.704,0.704,1.356
7703,259.342,47.254,-225.226,-2.19042,-2.150,2.143,-0.773,0.841,1.261
11284,257.795,47.453,-222.856,-2.04846,-1.333,1.441,-0.755,0.899,1.209
11284,267.335,47.575,-223.302,-1.85993,-1.333,1.441,-0.755,0.899,1.209
20782,264.263,47.134,-293.987,0.53966,-0.740,0.740,-0.704,0.704,1.356
7703,246.814,47.383,-215.810,2.63038,-2.150,2.143,-0.773,0.841,1.261
11285,247.885,47.814,-213.786,-0.90882,-1.558,1.537,-1.339,1.192,0.852
11285,234.311,47.855,-208.418,0.48317,-1.558,1.537,-1.339,1.192,0.852
20782,394.049,48.820,-422.619,1.07471,-0.740,0.740,-0.704,0.704,1.356
7703,-167.415,54.807,-117.169,-0.57002,-2.150,2.143,-0.773,0.841,1.261
11285,-172.493,55.690,-118.735,-0.56746,-1.558,1.537,-1.339,1.192,0.852
11284,-168.349,55.826,-117.680,-0.51786,-1.333,1.441,-0.755,0.899,1.209
11284,-165.728,55.009,-112.409,-1.93249,-1.333,1.441,-0.755,0.899,1.209
22300,116.180,184.761,928.733,2.62987,-0.351,0.351,-0.004,0.004,0.338
22387,116.180,186.560,928.733,2.62987,-0.351,0.351,-0.004,0.004,0.338
22369,116.180,185.651,928.733,2.62987,-0.351,0.351,-0.004,0.004,0.338
22300,294.378,117.976,-529.309,-2.79644,-0.351,0.351,-0.004,0.004,0.338
22369,294.386,118.864,-529.247,-2.79644,-0.351,0.351,-0.004,0.004,0.338
22387,294.394,119.770,-529.184,-2.79644,-0.351,0.351,-0.004,0.004,0.338
8079,113.583,63.000,441.200,0.00000,-0.471,0.471,-0.484,0.484,0.795
9316,-6.925,117.444,543.120,-1.74232,-0.356,0.356,-0.385,0.385,0.325
8078,-11.118,116.885,546.178,0.00000,-0.350,0.350,-0.509,0.509,0.858
8078,-6.818,116.885,544.516,0.00000,-0.350,0.350,-0.509,0.509,0.858
9302,25.416,116.885,529.691,-3.10851,-1.332,1.090,-0.499,0.511,1.017
9302,25.383,116.885,532.427,3.11684,-1.332,1.090,-0.499,0.511,1.017
9302,25.250,116.885,535.580,3.11684,-1.332,1.090,-0.499,0.511,1.017
9302,25.356,116.885,527.514,-3.10851,-1.332,1.090,-0.499,0.511,1.017
8078,25.951,116.879,543.183,0.00000,-0.350,0.350,-0.509,0.509,0.858
8078,25.980,116.879,537.285,0.00000,-0.350,0.350,-0.509,0.509,0.858
8078,26.177,116.879,531.030,0.00000,-0.350,0.350,-0.509,0.509,0.858
8078,26.159,116.879,526.172,0.00000,-0.350,0.350,-0.509,0.509,0.858
9316,25.369,117.441,522.223,-1.53088,-0.356,0.356,-0.385,0.385,0.325
9316,23.797,117.441,518.245,-0.82845,-0.356,0.356,-0.385,0.385,0.325
9316,18.094,117.441,522.375,1.52591,-0.356,0.356,-0.385,0.385,0.325
8066,23.642,116.885,532.327,1.52870,-0.282,0.282,-0.374,0.374,0.966
8066,23.638,116.885,527.493,1.52870,-0.282,0.282,-0.374,0.374,0.966
8066,23.564,116.885,535.604,1.52870,-0.282,0.282,-0.374,0.374,0.966
8020,-5.384,116.885,523.485,0.00000,-0.646,0.645,-0.341,0.345,1.791
8079,-7.083,116.885,522.055,0.00000,-0.471,0.471,-0.484,0.484,0.795
8065,-7.955,116.885,521.998,-1.61464,-0.260,0.260,-0.367,0.367,0.975
8065,-6.244,116.885,521.997,1.73547,-0.260,0.260,-0.367,0.367,0.975
8020,-4.926,116.885,522.139,-1.40981,-0.646,0.645,-0.341,0.345,1.791
8020,-5.075,116.885,520.914,-1.40981,-0.646,0.645,-0.341,0.345,1.791
7083,-4.737,118.354,521.752,1.75373,-0.154,0.174,-0.149,0.212,0.713
8013,-4.886,118.382,521.236,1.74345,-0.122,0.123,-0.182,0.159,0.402
8019,-5.521,117.742,519.817,2.13860,-0.243,0.227,-0.329,0.284,0.175
8078,-5.615,116.885,519.652,0.46647,-0.350,0.350,-0.509,0.509,0.858
20321,11.046,116.885,540.879,-1.57391,-1.307,1.306,-0.487,0.487,1.007
20321,11.046,116.885,538.308,-1.57391,-1.307,1.306,-0.487,0.487,1.007
20321,11.071,116.885,535.433,-1.57391,-1.307,1.306,-0.487,0.487,1.007
8079,14.896,116.885,538.679,0.00000,-0.471,0.471,-0.484,0.484,0.795
8009,-8.792,116.885,516.867,-2.19236,-1.512,0.493,-0.392,0.385,1.895
8018,-1.922,118.268,521.616,-3.04312,-0.133,0.198,-0.124,0.039,0.597
8018,-1.114,118.268,521.639,-3.12468,-0.133,0.198,-0.124,0.039,0.597
8018,-0.301,118.268,521.646,3.13394,-0.133,0.198,-0.124,0.039,0.597
8018,0.428,118.268,521.628,3.09613,-0.133,0.198,-0.124,0.039,0.597
8018,1.127,118.268,521.624,3.13271,-0.133,0.198,-0.124,0.039,0.597
8066,0.175,116.885,522.213,-3.10619,-0.282,0.282,-0.374,0.374,0.966
8066,-1.047,116.885,522.635,-3.10619,-0.282,0.282,-0.374,0.374,0.966
8081,1.801,116.885,524.440,-1.57079,-0.969,0.969,-0.969,0.969,0.930
8066,1.020,116.885,525.545,-0.36788,-0.282,0.282,-0.374,0.374,0.966
20321,14.809,116.885,527.995,0.00383,-1.307,1.307,-0.487,0.487,1.007
20321,12.203,116.885,528.007,0.00383,-1.307,1.307,-0.487,0.487,1.007
20321,10.385,116.885,526.231,-1.53624,-1.307,1.306,-0.487,0.487,1.007
21047,9.983,116.885,528.784,-0.54840,-0.244,0.215,-0.540,0.276,1.679
8068,10.432,116.885,528.106,0.00000,-0.194,0.194,-0.226,0.226,0.887
7083,-4.887,118.354,520.864,1.75373,-0.154,0.174,-0.149,0.212,0.713
7083,-5.009,118.354,520.556,1.75373,-0.154,0.174,-0.149,0.212,0.713
20372,-9.505,116.885,516.391,0.00000,-0.382,0.382,-0.382,0.382,1.292
8066,25.112,116.885,539.555,-0.40619,-0.282,0.282,-0.374,0.374,0.966
9302,25.111,116.885,538.472,-3.10866,-1.332,1.090,-0.499,0.511,1.017
21051,11.018,117.814,538.881,-1.63149,-0.325,0.325,-0.406,0.406,0.519
8078,-12.008,116.885,521.481,1.44976,-0.350,0.350,-0.509,0.509,0.858
8078,-11.922,116.885,520.797,1.44976,-0.350,0.350,-0.509,0.509,0.858
8078,-12.092,116.885,522.161,1.44430,-0.350,0.350,-0.509,0.509,0.858
6191,-12.285,117.742,522.275,3.03037,-0.300,0.081,-0.131,0.131,1.150
6183,-12.001,116.687,520.846,2.21592,-0.555,0.390,-0.412,0.432,1.433
6184,-14.419,116.293,521.351,-1.74258,-1.769,1.769,-0.093,0.000,2.805
9302,-281.007,57.076,27.785,-0.01726,-1.332,1.090,-0.500,0.511,1.017
9302,-281.014,57.076,30.211,-0.01726,-1.332,1.090,-0.500,0.511,1.017
9302,-281.054,57.076,32.430,-0.01726,-1.332,1.090,-0.500,0.511,1.017
8008,-285.087,59.212,31.591,0.00000,-1.179,0.940,-0.142,0.078,1.788
8014,-285.099,57.384,31.110,-0.00123,-0.244,0.215,-0.540,0.276,1.679
21048,-286.159,57.384,30.884,-0.68537,-0.244,0.215,-0.540,0.276,1.679
21046,-284.026,57.384,30.763,0.83091,-0.244,0.215,-0.540,0.276,1.679
8078,-281.913,57.076,31.193,0.00000,-0.350,0.350,-0.509,0.509,0.858
9317,-279.640,57.076,32.728,-1.58980,-0.266,0.266,-0.294,0.294,1.000
9317,-279.611,57.076,30.171,-1.58980,-0.266,0.266,-0.294,0.294,1.000
9317,-279.610,57.076,27.824,-1.58980,-0.266,0.266,-0.294,0.294,1.000
8079,-286.217,57.384,26.197,-1.50965,-0.471,0.471,-0.484,0.484,0.795
8079,-285.172,57.384,26.216,-1.51238,-0.471,0.471,-0.484,0.484,0.795
8079,-284.183,57.384,26.193,0.00000,-0.471,0.471,-0.484,0.484,0.795
21049,-285.143,58.175,26.134,3.13085,-0.325,0.325,-0.406,0.406,0.519
8064,-285.665,57.384,27.122,-0.24064,-0.497,0.497,-0.472,0.472,0.789
8064,-284.301,57.384,26.973,0.35474,-0.497,0.497,-0.472,0.472,0.789
8020,-277.361,57.076,15.747,-1.56472,-0.646,0.645,-0.341,0.345,1.791
8020,-277.325,57.076,14.373,-1.56458,-0.646,0.645,-0.341,0.345,1.791
9316,-277.399,57.076,15.828,0.00000,-0.356,0.356,-0.385,0.385,0.325
9316,-277.326,57.076,15.840,0.00000,-0.356,0.356,-0.385,0.385,0.325
20362,-277.428,57.076,14.836,0.00000,-0.708,0.721,-0.520,0.565,1.181
20362,-277.437,57.076,14.571,3.05432,-0.708,0.720,-0.520,0.565,1.181
20362,-277.455,57.076,14.292,3.05432,-0.708,0.720,-0.520,0.565,1.181
20362,-277.453,57.076,13.999,3.05432,-0.708,0.720,-0.520,0.565,1.181
20362,-277.455,57.076,13.989,3.05432,-0.708,0.720,-0.520,0.565,1.181
20362,-277.457,57.076,14.283,3.05432,-0.708,0.720,-0.520,0.565,1.181
20362,-277.439,57.076,14.562,3.05431,-0.708,0.720,-0.520,0.565,1.181
20362,-277.429,57.076,14.827,0.00000,-0.708,0.721,-0.520,0.565,1.181
20362,-277.435,57.076,14.835,0.00000,-0.708,0.721,-0.520,0.565,1.181
20362,-277.444,57.076,14.570,3.05430,-0.708,0.720,-0.520,0.565,1.181
20362,-277.460,57.076,13.997,2.80870,-0.708,0.720,-0.520,0.565,1.181
20362,-292.551,57.218,15.393,3.05432,-0.708,0.720,-0.520,0.565,1.181
20362,-292.675,57.218,15.818,0.00000,-0.708,0.721,-0.520,0.565,1.181
20362,-292.421,57.218,14.952,2.80873,-0.708,0.720,-0.520,0.565,1.181
8020,-292.565,57.041,15.356,-1.56472,-0.646,0.645,-0.341,0.345,1.791
20362,-292.466,57.956,15.819,0.00000,-0.708,0.721,-0.520,0.565,1.181
20362,-292.494,57.956,15.275,3.05432,-0.708,0.720,-0.520,0.565,1.181
20362,-292.393,58.539,15.030,3.05432,-0.708,0.720,-0.520,0.565,1.181
20362,-292.377,58.539,15.603,3.05432,-0.708,0.720,-0.520,0.565,1.181
20362,-292.368,58.539,15.868,0.00000,-0.708,0.721,-0.520,0.565,1.181
20362,-292.488,57.218,13.846,-3.12200,-0.708,0.720,-0.520,0.565,1.181
20362,-292.507,57.218,14.136,3.12353,-0.708,0.720,-0.520,0.565,1.181
20362,-292.438,57.218,14.398,0.00000,-0.708,0.721,-0.520,0.565,1.181
8020,-292.629,57.041,13.953,-1.56472,-0.646,0.645,-0.341,0.345,1.791
20362,-292.448,57.956,13.818,3.05432,-0.708,0.720,-0.520,0.565,1.181
20362,-292.530,57.956,14.416,0.00000,-0.708,0.721,-0.520,0.565,1.181
20362,-292.432,58.539,14.465,0.00000,-0.708,0.721,-0.520,0.565,1.181
20362,-292.441,58.539,14.200,3.12930,-0.708,0.720,-0.520,0.565,1.181
20362,-292.461,58.539,13.550,3.13539,-0.708,0.720,-0.520,0.565,1.181
20362,-292.404,58.539,13.887,3.12930,-0.708,0.720,-0.520,0.565,1.181
20362,-292.466,57.956,14.137,3.05432,-0.708,0.720,-0.520,0.565,1.181
20362,-277.527,57.500,31.391,1.57235,-0.708,0.721,-0.520,0.565,1.181
25698,54.180,125.509,542.288,-0.05733,-0.029,0.029,-0.025,0.025,0.183
25698,56.407,125.134,527.075,-0.05733,-0.029,0.029,-0.025,0.025,0.183
25698,71.967,125.876,540.929,-0.05733,-0.029,0.029,-0.025,0.025,0.183
25698,50.465,125.509,543.120,-0.05733,-0.029,0.029,-0.025,0.025,0.183
25698,55.396,125.525,543.607,-3.19942,-0.029,0.029,-0.025,0.025,0.183
25698,55.361,125.509,543.526,-0.05733,-0.029,0.029,-0.025,0.025,0.183
8077,54.944,124.481,545.037,0.00000,-0.610,0.610,-0.408,0.396,1.166
21046,160.314,85.558,-76.829,-0.69493,-0.244,0.215,-0.540,0.276,1.679
8014,159.866,85.558,-78.253,-1.71713,-0.244,0.215,-0.540,0.276,1.679
21048,160.097,85.558,-78.954,-2.21124,-0.244,0.215,-0.540,0.276,1.679
8008,159.439,86.962,-77.852,-1.52579,-1.179,0.940,-0.142,0.078,1.788
8079,164.853,85.571,-77.400,-1.52582,-0.471,0.471,-0.484,0.484,0.795
8079,164.809,85.571,-78.331,-3.03841,-0.471,0.471,-0.484,0.484,0.795
8079,164.745,85.571,-79.249,-3.03567,-0.471,0.471,-0.484,0.484,0.795
8064,164.010,85.558,-78.083,-1.52589,-0.497,0.497,-0.472,0.472,0.789
8064,164.087,85.558,-77.275,-1.17120,-0.497,0.497,-0.472,0.472,0.789
8077,175.262,85.310,-85.593,-3.08748,-0.610,0.610,-0.408,0.396,1.166
9328,175.230,86.174,-85.879,-3.08912,-0.587,0.587,-0.142,0.142,1.115
8065,-281.778,57.076,12.091,1.61380,-0.260,0.260,-0.367,0.367,0.975
9317,-114.708,124.030,533.602,-2.62713,-0.266,0.266,-0.294,0.294,1.000
9317,-114.820,124.030,536.150,-0.47750,-0.266,0.266,-0.294,0.294,1.000
9317,-113.540,124.030,533.601,-3.07229,-0.266,0.266,-0.294,0.294,1.000
20363,-113.109,124.030,535.338,-0.53626,-0.708,0.720,-0.520,0.565,1.181
20363,-114.336,124.030,534.861,-2.00693,-0.708,0.720,-0.520,0.565,1.181
20362,175.428,85.309,-70.511,-1.61526,-0.708,0.721,-0.520,0.565,1.181
20362,175.692,85.309,-70.531,1.61079,-0.708,0.721,-0.520,0.565,1.181
20362,174.856,85.309,-70.472,-1.86111,-0.708,0.721,-0.520,0.565,1.181
8020,175.226,85.132,-70.622,0.04740,-0.646,0.645,-0.341,0.345,1.791
20362,175.684,86.047,-70.537,1.61113,-0.708,0.720,-0.520,0.565,1.181
20362,175.419,86.047,-70.517,-1.61587,-0.708,0.721,-0.520,0.565,1.181
20362,175.142,86.047,-70.487,-1.61599,-0.708,0.721,-0.520,0.565,1.181
20362,174.848,86.047,-70.477,-1.61612,-0.708,0.721,-0.520,0.565,1.181
20362,175.693,86.629,-70.538,1.61160,-0.708,0.720,-0.520,0.565,1.181
20362,174.858,86.629,-70.479,-1.61637,-0.708,0.721,-0.520,0.565,1.181
20362,175.151,86.629,-70.489,-1.61649,-0.708,0.721,-0.520,0.565,1.181
20362,175.429,86.629,-70.518,-1.61673,-0.708,0.721,-0.520,0.565,1.181
9317,158.697,85.250,-72.856,-0.01054,-0.266,0.266,-0.294,0.294,1.000
9302,158.671,85.250,-71.459,1.56182,-1.332,1.090,-0.500,0.511,1.017
9317,161.341,85.250,-72.875,-0.01054,-0.266,0.266,-0.294,0.294,1.000
9302,161.096,85.250,-71.473,1.56189,-1.332,1.090,-0.500,0.511,1.017
9317,163.601,85.250,-72.869,-0.01054,-0.266,0.266,-0.294,0.294,1.000
9302,163.315,85.250,-71.452,1.56198,-1.332,1.090,-0.500,0.511,1.017
8079,56.658,124.343,526.971,-1.34146,-0.471,0.471,-0.484,0.484,0.795
8065,55.669,124.368,527.520,-1.88273,-0.260,0.260,-0.367,0.367,0.975
25698,56.928,125.134,526.731,-0.05733,-0.029,0.029,-0.025,0.025,0.183
25698,56.816,125.134,526.954,-0.05733,-0.029,0.029,-0.025,0.025,0.183
25698,56.824,125.134,526.873,-0.05733,-0.029,0.029,-0.025,0.025,0.183
25698,56.130,124.359,526.994,-0.68304,-0.029,0.029,-0.025,0.025,0.183
8065,47.559,124.368,527.409,-1.88233,-0.260,0.259,-0.367,0.367,0.975
8079,48.347,124.343,527.448,-1.56162,-0.471,0.471,-0.484,0.484,0.795
8065,48.788,124.368,527.511,1.56722,-0.260,0.260,-0.367,0.367,0.975
8065,48.298,124.368,528.211,0.05564,-0.260,0.260,-0.367,0.367,0.975
8065,48.338,124.368,526.899,3.05661,-0.260,0.260,-0.367,0.367,0.975
8065,71.666,124.993,540.271,-2.95264,-0.260,0.260,-0.367,0.367,0.975
9327,-3.611,117.290,540.751,1.53736,-1.566,1.585,-0.441,0.443,0.208
9327,-1.513,116.885,540.599,-3.07755,-1.566,1.585,-0.441,0.443,0.208
9327,1.744,116.885,540.872,-3.13943,-1.566,1.585,-0.441,0.443,0.208
9327,1.786,116.885,539.425,3.04866,-1.566,1.585,-0.441,0.443,0.208
9327,-0.662,117.373,542.140,-3.15306,-1.566,1.585,-0.441,0.443,0.208
9327,-0.682,118.397,542.284,-3.15306,-1.566,1.585,-0.441,0.443,0.208
9327,-3.666,118.397,540.698,1.53922,-1.566,1.585,-0.441,0.443,0.208
9302,25.378,116.885,541.333,3.11684,-1.332,1.090,-0.499,0.511,1.017
9302,24.218,116.885,544.425,2.53955,-1.332,1.090,-0.499,0.511,1.017
9327,10.634,117.598,518.946,-1.56479,-1.566,1.585,-0.441,0.443,0.208
9327,10.646,118.631,518.968,-1.56479,-1.566,1.585,-0.441,0.443,0.208
9327,1.406,117.598,519.201,1.62451,-1.566,1.585,-0.441,0.443,0.208
9327,1.388,118.626,519.300,1.65369,-1.566,1.585,-0.441,0.443,0.208
21791,-134.056,126.655,520.046,0.00000,-0.312,0.465,-0.548,0.500,0.760
6188,-137.708,124.969,521.041,0.00000,-1.657,1.658,-0.746,0.668,0.959
8065,-138.493,124.992,519.938,-3.13784,-0.260,0.260,-0.367,0.367,0.975
8065,-137.468,124.992,519.812,-3.13784,-0.260,0.260,-0.367,0.367,0.975
8065,-136.227,124.992,519.840,-3.13784,-0.260,0.260,-0.367,0.367,0.975
8065,-136.606,124.992,521.807,-0.16983,-0.260,0.260,-0.367,0.367,0.975
8065,-137.675,124.992,521.810,0.08150,-0.260,0.260,-0.367,0.367,0.975
8065,-138.662,124.992,521.843,-0.16988,-0.260,0.260,-0.367,0.367,0.975
8065,-134.638,125.132,554.108,-0.16983,-0.260,0.260,-0.367,0.367,0.975
8065,-134.616,125.132,552.323,-3.13784,-0.260,0.260,-0.367,0.367,0.975
6188,-135.739,125.109,553.343,0.00000,-1.657,1.658,-0.746,0.668,0.959
8065,-135.750,125.132,554.116,0.15639,-0.260,0.260,-0.367,0.367,0.975
8065,-136.944,125.132,553.961,-0.16989,-0.260,0.260,-0.367,0.367,0.975
8065,-136.769,125.132,552.428,-3.13784,-0.260,0.260,-0.367,0.367,0.975
8065,-135.787,125.132,552.261,-3.13784,-0.260,0.260,-0.367,0.367,0.975
21791,-132.201,126.602,551.989,-0.01618,-0.312,0.465,-0.548,0.500,0.760
9327,-285.138,57.076,24.077,0.00000,-1.566,1.585,-0.441,0.443,0.208
9327,-285.029,57.076,22.452,0.00000,-1.566,1.585,-0.441,0.443,0.208
9327,166.588,85.250,-77.008,1.57660,-1.566,1.585,-0.441,0.443,0.208
9327,168.202,85.250,-77.574,1.57660,-1.566,1.585,-0.441,0.443,0.208
9327,162.622,85.913,-85.913,-3.12776,-1.566,1.585,-0.441,0.443,0.208
9327,162.737,86.919,-85.952,-3.12787,-1.566,1.585,-0.441,0.443,0.208
9327,162.748,87.900,-85.961,-3.12797,-1.566,1.585,-0.441,0.443,0.208
9327,159.786,86.919,-80.960,-1.51350,-1.566,1.585,-0.441,0.443,0.208
9327,159.441,85.728,-75.134,0.17839,-1.566,1.585,-0.441,0.443,0.208
9324,177.212,85.250,-85.438,1.46391,-0.426,0.426,-0.758,0.758,1.722
9316,177.471,86.443,-85.450,0.00000,-0.356,0.356,-0.385,0.385,0.325
9316,178.800,85.819,-79.543,0.00000,-0.356,0.356,-0.385,0.385,0.325
9316,178.605,85.819,-72.395,0.00000,-0.356,0.356,-0.385,0.385,0.325
9323,159.730,85.354,-73.897,0.00000,-0.606,0.610,-0.525,0.522,0.957
6334,165.303,86.720,-79.837,-0.82283,-0.259,0.259,-0.134,0.134,0.358
21049,164.871,86.362,-78.230,1.65018,-0.325,0.325,-0.406,0.406,0.519
8065,115.246,85.920,-40.323,1.48656,-0.260,0.260,-0.367,0.367,0.975
8065,113.253,85.920,-40.529,-1.47816,-0.260,0.260,-0.367,0.367,0.975
6188,114.579,85.897,-39.159,1.65689,-1.658,1.658,-0.746,0.668,0.959
8065,113.296,85.920,-39.681,-1.47845,-0.260,0.260,-0.367,0.367,0.975
8065,115.314,85.920,-39.546,1.48714,-0.260,0.260,-0.367,0.367,0.975
8065,115.405,85.920,-38.856,1.48727,-0.260,0.260,-0.367,0.367,0.975
8065,115.711,85.920,-37.586,3.00108,-0.260,0.260,-0.367,0.367,0.975
8065,113.003,85.920,-37.985,-1.88068,-0.260,0.260,-0.367,0.367,0.975
8065,113.505,85.920,-39.017,-1.47912,-0.260,0.260,-0.367,0.367,0.975
21791,115.665,87.583,-35.269,-1.49929,-0.312,0.465,-0.548,0.500,0.760
8079,116.217,85.920,-35.596,0.10176,-0.471,0.471,-0.484,0.484,0.795
9327,-292.953,58.045,28.578,-1.57145,-1.566,1.585,-0.441,0.443,0.208
9327,-292.931,59.047,28.426,-1.57153,-1.566,1.585,-0.441,0.443,0.208
9327,-292.878,60.025,28.378,-1.57162,-1.566,1.585,-0.441,0.443,0.208
9327,-277.043,58.045,29.236,1.55185,-1.566,1.585,-0.441,0.443,0.208
9327,-277.034,59.047,29.388,1.55185,-1.566,1.585,-0.441,0.443,0.208
9327,-277.054,60.027,29.435,1.55191,-1.566,1.585,-0.441,0.443,0.208
8065,-327.885,56.835,95.874,-1.74056,-0.260,0.260,-0.367,0.367,0.975
8065,-325.919,56.835,96.253,1.57449,-0.260,0.260,-0.367,0.367,0.975
6188,-327.120,56.835,94.772,-1.57074,-1.658,1.657,-0.746,0.668,0.959
8065,-325.887,56.835,95.404,1.57450,-0.260,0.260,-0.367,0.367,0.975
8065,-327.885,56.835,95.094,-1.74062,-0.260,0.260,-0.367,0.367,0.975
8065,-327.916,56.835,94.398,-1.74064,-0.260,0.260,-0.367,0.367,0.975
8065,-327.738,56.835,93.567,-1.74066,-0.260,0.260,-0.367,0.367,0.975
8065,-326.172,56.835,93.956,1.57452,-0.260,0.260,-0.367,0.367,0.975
8065,-326.038,56.835,94.724,1.57453,-0.260,0.260,-0.367,0.367,0.975
21791,-324.786,58.483,91.528,1.55461,-0.312,0.465,-0.548,0.500,0.760
8079,-326.686,56.835,91.014,-3.12714,-0.471,0.471,-0.484,0.484,0.795
25698,-330.827,57.612,91.624,-1.57080,-0.029,0.029,-0.025,0.025,0.183
25698,-331.451,57.612,94.797,-1.57080,-0.029,0.029,-0.025,0.025,0.183
25698,-331.091,57.670,95.414,-1.57080,-0.029,0.029,-0.025,0.025,0.183
9326,-324.914,57.020,90.106,-3.14159,-0.221,0.221,-0.211,0.211,0.768
9303,-325.370,56.844,86.560,-2.99966,-0.201,0.200,-0.225,0.225,0.376
9303,-324.653,56.835,87.059,1.71273,-0.201,0.201,-0.225,0.225,0.376
8066,25.437,116.885,523.216,1.52865,-0.282,0.282,-0.374,0.374,0.966
8066,24.421,116.885,518.918,2.29605,-0.282,0.282,-0.374,0.374,0.966
4435,-801.801,123.352,504.811,-0.35004,-0.615,0.704,-0.653,0.647,0.704
4434,-801.091,123.297,502.580,0.46052,-0.535,0.753,-0.637,0.663,1.102
4434,-798.676,122.172,505.044,0.46052,-0.535,0.753,-0.637,0.663,1.103
4434,-793.548,123.055,503.027,2.81672,-0.535,0.753,-0.637,0.664,1.102
4434,-791.779,125.068,504.161,2.81672,-0.535,0.752,-0.637,0.664,1.102
4434,-791.999,125.068,504.878,2.81672,-0.535,0.752,-0.637,0.663,1.102
4434,-791.951,125.068,503.535,2.43897,-0.535,0.753,-0.637,0.664,1.102
4434,-799.608,120.322,491.793,0.46052,-0.535,0.753,-0.637,0.663,1.102
4435,-801.026,121.034,491.970,-0.35004,-0.615,0.704,-0.653,0.647,0.704
4435,-794.090,119.989,493.735,-2.70624,-0.615,0.704,-0.653,0.647,0.703
4435,-793.122,120.307,493.913,-2.70624,-0.615,0.704,-0.653,0.647,0.704
4434,-795.722,120.596,485.804,-1.89567,-0.535,0.753,-0.637,0.663,1.102
4435,-794.697,121.129,485.469,-2.16784,-0.615,0.704,-0.653,0.647,0.703
4435,-803.295,120.899,479.888,-0.35004,-0.615,0.704,-0.653,0.647,0.704
4435,-803.689,120.826,480.661,-1.20457,-0.615,0.704,-0.653,0.647,0.704
4435,-802.437,120.594,480.905,-1.13544,-0.615,0.704,-0.653,0.647,0.704
4435,-801.312,120.401,482.841,-1.87979,-0.615,0.704,-0.653,0.647,0.703
4434,-801.634,120.052,486.496,0.46052,-0.535,0.753,-0.637,0.664,1.103
4434,-802.757,120.237,486.522,0.46052,-0.535,0.753,-0.637,0.663,1.102
4434,-801.723,120.202,487.224,-0.01102,-0.535,0.753,-0.637,0.663,1.103
4434,-801.061,119.985,487.053,-0.26732,-0.535,0.753,-0.637,0.663,1.103
4434,-793.227,124.557,474.114,-1.76052,-0.535,0.753,-0.637,0.663,1.102
4434,-800.953,123.604,471.832,-1.76052,-0.535,0.753,-0.637,0.663,1.102
4434,-801.331,123.662,472.749,-2.54592,-0.535,0.753,-0.637,0.663,1.103
4434,-801.641,123.643,473.441,-2.54592,-0.535,0.753,-0.637,0.663,1.102
4434,-801.446,123.696,473.097,2.95186,-0.535,0.752,-0.637,0.664,1.102
4434,-792.963,124.522,474.579,-0.94420,-0.535,0.753,-0.637,0.663,1.103
4434,-793.547,124.522,474.511,2.98279,-0.535,0.752,-0.637,0.664,1.102
26534,-7.796,116.885,519.384,-0.78540,-1.687,1.687,-0.750,0.750,0.917
26534,-47.212,121.055,431.007,0.00000,-1.687,1.687,-0.750,0.750,0.917
26534,-36.545,121.055,430.673,0.00000,-1.687,1.687,-0.750,0.750,0.917
8064,-35.865,121.055,429.314,2.35620,-0.497,0.497,-0.472,0.472,0.789
8064,-48.755,121.055,429.615,-2.08496,-0.497,0.497,-0.472,0.472,0.789
22244,-794.798,121.712,461.500,0.00000,-0.351,0.351,-0.004,0.004,0.338
22393,-794.370,124.264,461.500,0.00000,-0.351,0.351,-0.004,0.004,0.338
22473,-797.000,125.864,461.500,0.00000,-0.351,0.351,-0.004,0.004,0.338
22151,-799.634,124.266,461.500,0.00000,-0.351,0.351,-0.004,0.004,0.338
22243,-799.200,121.700,461.500,0.00000,-0.351,0.351,-0.004,0.004,0.338
22244,-799.197,121.715,460.500,0.00000,-0.351,0.351,-0.004,0.004,0.338
22393,-799.627,124.261,460.500,0.00000,-0.351,0.351,-0.004,0.004,0.338
22473,-797.001,125.867,460.500,0.00000,-0.351,0.351,-0.004,0.004,0.338
22151,-794.372,124.263,460.500,0.00000,-0.351,0.351,-0.004,0.004,0.338
22243,-794.805,121.713,460.500,0.00000,-0.351,0.351,-0.004,0.004,0.338
7705,-713.589,49.581,261.755,-1.57080,-1.333,1.301,-0.755,0.841,1.244
7705,-719.057,48.493,267.225,-2.35619,-1.333,1.301,-0.755,0.841,1.244
11285,-714.811,49.061,266.999,-0.06382,-1.558,1.537,-1.339,1.191,0.852
11284,-713.606,49.376,263.624,-1.57079,-1.333,1.440,-0.755,0.899,1.209
20362,-727.254,48.643,264.025,-0.12712,-0.708,0.721,-0.520,0.565,1.181
20363,-729.689,48.768,264.985,-1.65244,-0.708,0.720,-0.520,0.565,1.181
21498,-729.448,50.020,261.896,0.40191,-0.217,0.440,-0.578,0.924,0.708
8018,116.729,63.790,439.049,1.57080,-0.133,0.198,-0.124,0.039,0.597
8018,116.732,63.790,435.062,1.57080,-0.133,0.198,-0.124,0.039,0.597
8018,116.730,63.790,431.055,1.57080,-0.133,0.198,-0.124,0.039,0.597
8018,116.730,59.975,431.055,1.57080,-0.133,0.198,-0.124,0.039,0.597
8018,116.732,59.975,435.062,1.57080,-0.133,0.198,-0.124,0.039,0.597
8018,116.729,59.975,439.049,1.57080,-0.133,0.198,-0.124,0.039,0.597
8018,116.737,59.975,443.042,1.57080,-0.133,0.198,-0.124,0.039,0.597
26649,49.993,125.432,545.487,0.00000,-0.029,1.313,-0.033,0.087,0.245
25698,56.353,124.504,544.441,0.72757,-0.029,0.029,-0.025,0.025,0.183
26649,52.761,125.432,545.580,-3.14159,-0.029,1.313,-0.033,0.087,0.245
20782,371.363,109.834,875.468,-2.79130,-0.740,0.740,-0.703,0.704,1.356
20782,364.012,110.184,869.748,-1.68471,-0.740,0.740,-0.704,0.704,1.356
3903,385.942,111.193,843.791,-1.57080,-1.051,1.051,-1.500,1.500,1.765
3903,385.448,111.243,844.055,1.57080,-1.051,1.051,-1.500,1.500,1.765
3903,378.678,110.178,850.322,-0.53570,-1.051,1.051,-1.500,1.500,1.765
7546,216.559,186.918,472.328,-0.78540,-0.963,0.942,-0.497,0.846,1.553
7546,217.552,187.110,471.677,0.00000,-0.963,0.942,-0.497,0.846,1.553
3643,193.698,179.246,482.044,0.00000,-0.923,0.786,-0.654,1.114,0.602
3643,196.556,179.413,483.345,1.33320,-0.923,0.786,-0.654,1.114,0.602
3642,192.776,179.585,490.674,0.00000,-0.862,0.962,-0.544,0.927,0.481
3643,190.101,179.771,490.533,0.00000,-0.923,0.786,-0.654,1.114,0.602
3642,193.095,179.074,495.709,0.00000,-0.862,0.962,-0.544,0.927,0.481
3716,195.642,178.988,492.225,0.00000,-1.087,1.077,-0.781,1.115,0.923
20361,-117.605,116.730,441.008,0.00000,-0.708,0.721,-0.520,0.565,1.181
20363,-115.759,116.730,440.878,0.23974,-0.708,0.721,-0.520,0.565,1.181
10426,-109.962,116.278,448.160,-0.00523,-0.181,0.181,-0.181,0.181,1.290
9313,-132.281,124.992,519.295,-1.57080,-1.460,1.460,-0.766,0.766,0.710
9313,-129.491,124.992,519.362,-1.57080,-1.460,1.460,-0.766,0.766,0.710
9322,-132.932,124.992,521.671,-1.57080,-0.609,0.609,-0.523,0.523,0.843
29211,-137.950,128.029,524.974,0.00000,0.000,0.000,-1.111,1.138,3.014
29211,-135.816,128.029,557.007,0.00000,0.000,0.000,-1.111,1.138,3.014
8081,-312.915,56.764,117.305,0.00000,-0.969,0.969,-0.969,0.969,0.930
8020,-325.196,56.764,132.161,-0.05709,-0.646,0.645,-0.341,0.345,1.791
20701,-319.995,56.764,123.229,-1.57080,-1.020,1.020,-0.000,2.000,1.663
20702,-321.033,58.501,132.822,0.00000,-1.032,1.032,-1.180,0.820,1.520
8008,-328.994,56.764,133.119,3.14159,-1.179,0.940,-0.142,0.078,1.788
8009,-316.453,56.803,132.417,0.00000,-1.512,0.493,-0.393,0.384,1.895
20699,-318.973,56.803,131.861,-0.00000,-1.020,1.020,-0.000,1.020,1.716
8065,-312.690,56.771,118.662,0.00000,-0.260,0.260,-0.367,0.367,0.975
8065,-314.147,56.771,116.888,-1.96350,-0.260,0.260,-0.367,0.367,0.975
8019,-313.050,57.643,117.317,1.07430,-0.243,0.227,-0.329,0.284,0.175
7136,-317.298,56.772,111.409,-0.38123,-0.553,0.553,-0.287,0.292,1.090
8008,-326.584,56.764,114.225,-1.57080,-1.179,0.940,-0.142,0.078,1.788
8063,-309.007,56.764,98.010,0.00000,-0.193,0.193,-0.151,0.213,0.357
21498,-308.705,56.764,99.937,0.00000,-0.218,0.440,-0.578,0.924,0.708
7082,-310.026,56.764,99.778,0.00000,-0.414,0.411,-0.378,0.385,0.521
21045,-321.336,56.771,119.863,0.00000,-0.244,0.215,-0.540,0.276,1.679
21048,-320.740,56.771,119.865,0.00000,-0.244,0.215,-0.540,0.276,1.679
6188,-329.315,56.803,132.055,-1.57080,-1.658,1.657,-0.746,0.668,0.959
6188,-329.314,56.803,128.665,-1.57080,-1.658,1.657,-0.746,0.668,0.959
6188,-329.544,56.803,118.200,-1.57080,-1.658,1.658,-0.746,0.668,0.959
8065,-328.238,56.771,131.557,0.39270,-0.260,0.260,-0.367,0.367,0.975
8065,-328.577,56.771,128.933,1.17810,-0.260,0.260,-0.367,0.367,0.975
8065,-328.934,56.803,118.764,1.57079,-0.260,0.260,-0.367,0.367,0.975
8065,-329.557,56.803,120.947,-1.57080,-0.260,0.260,-0.367,0.367,0.975
7082,-329.696,56.803,120.178,0.00000,-0.414,0.411,-0.378,0.385,0.521
8062,-329.997,56.771,133.330,0.00000,-0.206,0.206,-0.144,0.144,0.661
8062,-312.460,56.771,116.507,0.00000,-0.206,0.206,-0.144,0.144,0.661
6334,-312.681,57.645,116.797,0.00000,-0.259,0.259,-0.134,0.134,0.358
8006,-329.710,57.730,132.664,-0.44979,-0.191,0.191,-0.277,0.172,0.378
8067,-321.667,56.771,131.455,0.00000,-0.193,0.193,-0.190,0.190,0.887
8067,-319.675,56.771,123.305,0.00000,-0.193,0.193,-0.190,0.190,0.887
8068,-319.616,56.884,121.136,0.00000,-0.194,0.194,-0.226,0.226,0.887
8068,-322.312,56.884,121.017,0.00000,-0.194,0.194,-0.226,0.226,0.887
8075,-329.571,57.763,116.804,-1.96350,-0.102,0.102,-0.349,0.453,0.942
8075,-329.229,57.730,133.182,0.00000,-0.102,0.102,-0.349,0.453,0.942
21793,-329.942,56.803,116.173,0.00000,-0.334,0.599,-0.334,0.334,1.624
20700,-316.553,56.771,129.382,1.57079,-2.020,2.020,0.000,1.020,1.716
8067,-316.785,56.771,128.048,0.00000,-0.193,0.193,-0.190,0.190,0.887
6334,-325.266,58.261,132.316,0.00000,-0.259,0.259,-0.134,0.134,0.358
8019,-325.297,56.941,132.182,0.28890,-0.243,0.227,-0.329,0.284,0.175
8062,-330.272,56.771,131.656,0.00000,-0.206,0.206,-0.144,0.144,0.661
8068,-322.327,56.884,124.828,0.00000,-0.194,0.194,-0.226,0.226,0.887
8065,-328.485,56.803,117.714,2.07137,-0.260,0.260,-0.367,0.367,0.975
7136,-312.552,56.803,126.115,-1.95202,-0.553,0.553,-0.287,0.292,1.090
9320,-331.015,56.835,85.201,-1.57080,-1.223,1.225,-0.534,0.534,0.498
9320,-331.205,56.835,88.357,-1.57080,-1.223,1.225,-0.534,0.534,0.498
20700,-321.973,56.803,131.861,-0.00000,-2.020,2.020,-0.000,1.020,1.716
3729,806.036,88.342,196.837,0.35099,-1.516,1.457,-0.900,1.106,1.194
3729,806.667,86.091,207.736,0.74328,-1.516,1.457,-0.900,1.106,1.194
3726,809.512,86.990,204.270,1.33023,-1.516,1.457,-0.900,1.106,1.194
26885,807.283,87.218,200.264,0.38373,-0.229,0.239,-0.219,0.202,0.212
7899,806.889,87.069,201.832,-0.11861,-0.404,0.403,-0.281,0.281,0.216
7899,808.358,88.371,197.215,0.17503,-0.404,0.403,-0.281,0.281,0.216
20361,170.423,84.796,-48.437,0.00000,-0.708,0.721,-0.520,0.565,1.181
20363,171.955,84.775,-47.581,-0.69058,-0.708,0.721,-0.520,0.565,1.181
20363,179.798,84.775,-50.098,0.36431,-0.708,0.721,-0.520,0.565,1.181
22496,667.099,174.731,-419.172,-3.14159,-0.351,0.351,-0.004,0.004,0.338
22401,667.099,173.827,-419.172,-3.14159,-0.372,0.372,-0.004,0.004,0.344
